name,Collaborated,query_county,city,query_purpose,person_with_relationship,org_contact,org_contact_title,phone,email,contact:email,website,latitude,longitude,osm_id,osm_type,alt_name,amenity,appointment,branch,brand,brand:wikidata,building,building:levels,check_date,check_date:opening_hours,check_date:service:bicycle:pump,contact:facebook,contact:instagram,contact:linkedin,contact:twitter,contact:website,contact:yelp,created_by,currency:USD,ele,height,level,name:ca,note,official_name,old_name,opening_hours,operator,paloalto_ca:id,payment:cash,payment:contactless,payment:credit_cards,payment:debit_cards,payment:litecoin,payment:mastercard,payment:visa,redwood_city_ca:addr_id,redwood_city_ca:bld_gid,rental,roof:shape,second_hand,service:bicycle:Bicycle_Sales_and_Service,service:bicycle:accessories,service:bicycle:bicycle,service:bicycle:bicycle_sales_and_service,service:bicycle:bike,service:bicycle:chain_tool,service:bicycle:cleaning,service:bicycle:clothing,service:bicycle:dealer,service:bicycle:diy,service:bicycle:ebike,service:bicycle:electric_bikes,service:bicycle:mtb,service:bicycle:parts,service:bicycle:pump,service:bicycle:rental,service:bicycle:repair,service:bicycle:retail,service:bicycle:sales,service:bicycle:school,service:bicycle:second_hand,service:bicycle:service,service:bicycle:showroom,service:bicycle:spare_parts,service:bicycle:tools,service:bicycle:training,service:bicycle:wheel,shop,short_name,source,stroller,toilets,walk-in,wheelchair,addr:city,addr:country,addr:housename,addr:housenumber,addr:postcode,addr:state,addr:street,addr:unit
Mike's Bikes,,alameda,,bikeshops,,,,+1-510-845-2453,,,https://mikesbikes.com/pages/berkeley,37.870923,-122.2740874,204491096,way,,,,,,,retail,,,,,,,,,,,,,,,,,,,,Mo-Sa 10:00-18:00; Su 10:00-17:00,,,,,,,,,,,,,,,,,,,,,,,,,,,,,,,yes,yes,,,,,,,,,,bicycle,,,,,,yes,Berkeley,US,,1824,94703,CA,University Avenue,
Laurel Cyclery,,alameda,,bikeshops,,,,510-328-1158,,,https://www.laurelcyclery.com/,37.7919299,-122.1991288,236495100,way,,,,,,,yes,,,,,,,,,,,,,,,,,,,,,,,,,,,,,,,,,,,,,,,,,,,,,,,,,,,yes,yes,,,,,,,,,,bicycle,,,,,,,Oakland,,,3715,94619,,MacArthur Boulevard,
Trek,,alameda,,bikeshops,,,,,,,https://www.trekbikes.com/us/en_US/retail/livermore/,37.6851235,-121.764409,258817647,way,Trek Bicycle Store,,,,Trek,Q1067617,yes,,,,,,,,,,,,,,,,,,,,,,,,,,,,,,,,,,,,,,,,,,,,,,,,,,,,,,,,,,,,,,bicycle,,,,,,,,,,2752,,,First Street,
Alameda Bicycle,,alameda,,bikeshops,,,,,,,https://www.alamedabicycle.com/,37.7659681,-122.241087,310948106,node,,,,,,,,,,,,,,,,,,,,,,,,,,,Mo-Su 11:00-18:00,,,,,,,,,,,,,,,,,,,,,,,,,,,,,yes,,,,,,,,,,,,,bicycle,,,,,,,Alameda,,,1522,94501,CA,Park Street,
Stone's Cyclery,,alameda,,bikeshops,,,,,,,,37.7655347,-122.2425911,310973056,node,,,,,,,,,,,,,,,,,,JOSM,,,,,,,,,,,,,,,,,,,,,,,,,,,,,,,,,,,,,,,,,,,,,,,,,,,bicycle,,,,,,,,,,,,,,
Bikes on Solano,,alameda,,bikeshops,,,,+1-510-524-1094,,,https://bikesonsolano.wordpress.com/,37.8909135,-122.285199,343611042,node,,,,,,,,,,,,,,,,,,,,,,,,,,Solano Avenue Cyclery,Mo-Sa 12:00-18:00; Su 12:00-17:00,,,,,,,,,,,,,,,,,,,,,,,,,,,,,,,,,,,,,,,,,,bicycle,,,,,,,Albany,US,,1554,94707,CA,Solano Avenue,
Street Level Cycles - Bicycle Sales and Rentals,,alameda,,bikeshops,,,,,,,https://watersideworkshops.org/,37.8643079,-122.3015234,344192515,way,,,,,,,yes,,,,,,,,,,,,,,,,,,,,We-Su 12:00-18:00,,,,,,,,,,,,,,,,,,,,,,,,yes,,,,,,,yes,yes,,,yes,,,,,,,bicycle,,,,,,,,US,,84,,CA,Bolivar Drive,
Trek,,alameda,,bikeshops,,,,+1-510-570-3885,,,,37.8147732,-122.2457868,363904753,node,Trek Bicycle Store,,,,Trek,Q1067617,,,,,,,,,,,,,,,,,,,,Cyclesports,,,,,,,,,,,,,,,,,,,,,,,,,,,,,,,,yes,yes,,,,,,,,,,bicycle,,,,,,,,,,3530,,,Grand Avenue,
Mike's Bikes of Pleasanton,,alameda,,bikeshops,,,,+1-925-223-8267,,,https://mikesbikes.com/,37.6569165,-121.8972565,384584256,way,,,,,,,yes,,,,,,,,,,,,,,,,,,,,,,,,,,,,,,,,,,,,,,,,,,,,,,,,,,,,,,,,,,,,,,bicycle,,,,,,,Pleasanton,US,,6754,94566,CA,Bernal Avenue,710
Tip Top Bike Shop,,alameda,,bikeshops,,,,+1 510-444-4148,,,https://www.tiptopbikeshop.com/,37.8348894,-122.2626757,430531321,node,,,,,,,,,2025-04-30,,,,,,,,,,,,,,,,,,"Mo off, Tu-Fr 11:00-18:00, Sa-Su 12:00-17:00",,,,,,,,,,,,,,,,,,,,,,,,,,,,,yes,,,,,,,,,,,,,bicycle,,,,,,yes,Oakland,,,4800A,94609,CA,Telegraph Avenue,
The Shed,,alameda,,bikeshops,,,,,,,,37.76068,-122.19096,555253732,way,,,,,,,shed,,,,,,,,,,,,,,,,,,,,Sa 13:00-15:00,The Scraper Bike Team,,,,,,,,,,,,,,,,,,,,,,,,,,,,,,yes,,,,,,,,,,,bicycle,,,,,,,Oakland,,,6833,94621,CA,International Boulevard,
Street Level Cycles - Public Shop,,alameda,,bikeshops,,,,,,,https://www.watersideworkshops.org/street-level-cycles/,37.862495,-122.3006522,760833937,way,,,,,,,yes,,,,,,,,,,,,,,,,,,,,"Sa,Su 12:00-18:00",Waterside Workshops,,yes,,yes,,,,,,,,,,,,,,yes,,,,,yes,,,,yes,yes,yes,yes,,yes,,yes,yes,,yes,yes,,,bicycle,,,,,,yes,,,,90,,,Bolivar Drive,
Larry Orozco Teen Workshop,,alameda,,bikeshops,,,,+1-510-675-5805,,,https://www.unioncity.org/723/Larry-Orozco-Teen-Workshop,37.6033443,-122.0171482,1172321058,way,Union City Teen Workshop,,,,,,yes,,,,,,,,,,,,,,,,,,,,,,,,,,,,,,,,,,,,,,,,,,,,,,,,,,,yes,,,,yes,,,,,,,bicycle,,,,,,,,,,33611;33623,,,Mission Boulevard,
Changing Gears Bike Shop,,alameda,,bikeshops,,,,+1-510-995-1478,,,,37.784328,-122.299236,1749346864,node,,,,,,,,,,,,,,,,,,,,,,,,,,,,,,,,,,,,,,,,,,,,,,,,,,,yes,,,,,,,yes,yes,,,yes,,,,,,,bicycle,,,,,,,Alameda,US,,650,94501,CA,West Ranger Avenue,
Blue Heron Bikes,,alameda,,bikeshops,,,,+1-510-524-1937,,,https://www.blueheronbikesberkeley.com/,37.8812134,-122.2896077,1803307743,node,,,,,,,,,,2023-03-02,,,,,,,,,,,,,,,,,Mo-Sa 09:00-18:00,,,,,,,,,,,,,,,,,,,,,,,,,,,,,yes,,yes,yes,,,,,,,,,,bicycle,,,,,,,Berkeley,US,,1306,,CA,Gilman Street,
Spokeland,,alameda,,bikeshops,,,,+1 510 8529253,spokeland@gmail.com,,https://spokeland.org/,37.8459452,-122.2855272,2275700836,node,,,,,,,,,,,,,,,,,,,,,,,,,,,Su 13:00-18:00; Tu 18:00-21:00; Th 18:00-21:00,,,,,,,,,,,,,,,,,,,,,,,,yes,,,,,,,,,,,,,,,,,,bicycle,,,,,,,Oakland,US,,1121,,CA,64th Street,
The Roll Up,,alameda,,bikeshops,,,,+1-510-536-6652,,,http://www.rollupbikeshop.com/,37.7699326,-122.21649,2324987312,node,,,,,,,,,,,,,,,,,,,,,,,,,,,"12:00-18:00; Fr,Sa off",,,,,,,,,,,,,,,,,,,,,,,,,,,,,,,,,,,,,,,,,,bicycle,,,,,,yes,Oakland,,,4401,94601,,San Leandro Street,
Lakeview Bicycle,,alameda,,bikeshops,,,,+1-510-251-1422,,,http://lakeviewbicycle.com/,37.8098553,-122.2494233,2744207446,node,,,,,,,,,,,,,,,,,,,,,,,,,,,Mo-Fr 11:00-19:00; Sa 10:00-18:00,,,,,,,,,,,,,,,,,,,,,,,,,,,,,,,yes,yes,,,,,,,,,,bicycle,,,,,,,,,,622,,,Grand Avenue,
Dublin Cyclery,,alameda,,bikeshops,,,,+1-925-828-8676,,,https://www.dublincyclery.com/,37.7057854,-121.9191122,2786878686,node,,,,,,,,,,,,,,,,,,,,,,,,,,,Mo-Fr 09:00-17:30;Sa 09:00-16:00;Su 10:00-15:00,,,,,,,,,,,,,,,,,,,,,,,,,,,,,,,,,,,,,,,,,,bicycle,,,,,,,Dublin,,,7001,94568,,Dublin Boulevard,
Centripedal Bikes,,alameda,,bikeshops,,,,+1-510-742-2265,,,https://www.centripedalbikes.com/,37.5619654,-122.008558,2991608367,node,,,,,,,,,,,,,,,,,,,,,,,,,,,Su 12:00-17:00; Tu-Sa 11:00-18:00,,,,,,,,,,,,,,,,,,,,,,,,,,,,,,,,,,,,,,,,,,bicycle,,,,,,,Fremont,,,3636,94536,CA,Thornton Avenue,
Bicycle Garage,,alameda,,bikeshops,,,,+1-510-795-9622,,,https://www.bicyclegaragefremont.com/,37.5354356,-121.9977506,2994720277,node,,,,,,,,,,,,,,,,,,,,,,,,,,,"Sa 10:00-18:00; Su 11:00-17:00; Mo,We-Fr 10:00-19:00",,,,,,,,,,,,,,,,,,,,,,,,,,,,,,,,,,,,,,,,,,bicycle,,,,,,,Fremont,US,,5006,,CA,Mowry Avenue,
Superfly Wheels,,alameda,,bikeshops,,,,+1-925-248-2453,,,https://www.superflywheels.com/,37.6610855,-121.8757321,3585095777,node,,,,,,,,,,,,,,,,,,,,,,,,,,,,,,,,,,,,,,,,,,,,,,,,,,,,,,,,,,,,,,,,,,,,,bicycle,,,,,,,Pleasanton,,,537,94566,CA,Main Street,
Archer Bicycle,,alameda,,bikeshops,,,,,,,,37.803281,-122.2711305,3927989516,node,,,,,,,,,2023-08-19,,,,,,,,,,,,,,,,,,Mo-Sa 10:00-16:00; Su off,,,,,,,,,,,,,,,,,,,,,,,,,,,,,,,,,,,,,,,,,,bicycle,,,,,,,,,,431,,,13th Street,
King Kog,,alameda,,bikeshops,,,,,,,,37.8054046,-122.2668536,3967298498,node,,,,,,,,,,,,,,,,,,,,,,,,,,,,,,,,,,,,,,,,,,,,,,,,,,,,,,,,,,,,,,,,,,,,,bicycle,,,,,,,,,,327,,,17th Street,
Bikes 4 Life,,alameda,,bikeshops,,,,,,,,37.8062177,-122.2982518,3974904876,node,,,,,,,,,,,,,,,,,,,,,,,,,,,,,,,,,,,,,,,,,,,,,,,,,,,,,,,,,,,,,,,,,,,,,bicycle,,,,,,,,,,,,,,
Biketopia Annex,,alameda,,bikeshops,,,,,,,https://www.biketopiaberkeley.org/annex/,37.8756448,-122.2736257,4540160124,node,,,,,,,,,,,,,,,,,,,,,,,,,,,,,,,,,,,,,,,,,,,,,,,,,,,,,,,,,,,,,,,,,,,,,bicycle,,,,,,,,,,,,,,
Trek,,alameda,,bikeshops,,,,+1-925-829-4310,,,https://www.trekbikes.com/us/en_US/retail/dublin/,37.7044362,-121.938375,5199321661,node,Trek Bicycle Store,,,Dublin,Trek,Q1067617,,,,,,,,,,,,,,,,,,,,,,Trek,,,,,,,,,,,,,,,,,,,,,,,,,,,,,,yes,yes,,,,,,,,,,bicycle,,,,,,,Dublin,,,7222,94568,CA,San Ramon Road,
Trek,,alameda,,bikeshops,,,,+1-510-881-5000,,,https://www.trekbikes.com/us/en_US/retail/castro_valley/,37.6967251,-122.0782361,5261431323,node,Trek Bicycle Store,,,Bicycles,Trek,Q1067617,,,,,,,,,,,,,,,,,,,,,,,,,,,,,,,,,,,,,,,,,,,,,,,,,,,,,,,,,,,,,,,bicycle,,,,,,,,,,,,,,
Cosmic Cycles,,alameda,,bikeshops,,,,,,,,37.8395346,-122.2828407,5285554775,node,,,,,,,,,2023-08-08,,,,,,,,,,,,,,,,,,,,,,,,,,,,,,,,,,,,,,,,,,,,,,,,,,,,,,,,,,,,bicycle,,,,,,,,,,5651,,,San Pablo Avenue,
Cycle City,,alameda,,bikeshops,,,,,,,,37.759074,-122.2312287,5326600148,node,,,,,,,,,,,,,,,,,,,,,,,,,,,,,,,,,,,,,,,,,,,,,,,,,,,,,,,,,,,,,,,,,,,,,bicycle,,,,,,,,,,,,,,
Pioneer Bicycles,,alameda,,bikeshops,,,,,,,,37.8241432,-122.2548435,5349617627,node,,,,,,,,,,,,,,,,,,,,,,,,,,,"Tu-Fr 11:00-18:00, Sa 10:00-17:00",Edmund Gee,,,,,,,,,,,,,,yes,,,,,,,,,,,,,yes,yes,,yes,yes,,,yes,,,,,,,bicycle,,,,,,,Oakland,,,11,94611,CA,Rio Vista Avenue,
The Bikery,,alameda,,bikeshops,,,,,,,,37.7829637,-122.2361385,5357362588,node,,,,,,,,,,,,,,,,,,,,,,,,,,,"Tu 15:00-18:00, Th 15:00-18:00, Sa 11:00-17:00",Cycles of Change,,,,,,,,,,,,,,yes,,,,,,,,,,,,,,,yes,yes,,,yes,yes,,,,,,,bicycle,,,,,,,Oakland,,,1246,94606,CA,23rd Avenue,
The Towne Cycles,,alameda,,bikeshops,,,,,,,,37.8235041,-122.2812845,6659933102,node,,,,,,,,,,,,,,,,,,,,,,,,,,,,,,,,,,,,,,,,,,,,,,,,,,,,,,,,,,,,,,,,,,,,,bicycle,,,,,,,,,,,,,,
My Buddy's Bike Shop,,alameda,,bikeshops,,,,+1-925-583-5454,mybuddysbikeshop@gmail.com,,https://mybuddysbikeshop.com/,37.6808185,-121.7765094,7043027953,node,,,,,,,,,,,,,,,,,,,,,,,,,,,,,,,,,,,,,,,,,,,,,,,,,,,,,,,,,,,,,,,,,,,,,bicycle,,,,,,,Livermore,,,1601,94550,CA,Railroad Avenue,Unit B
Waterside Workshops,,alameda,,bikeshops,,,,,,,https://watersideworkshops.org/,37.8645531,-122.3017988,9638555146,node,,,,,,,,,,,,,,,,,,,,,,,,,,,,,,,,,,,,,,,,,,,,,,,,,,,,,,,,,,,,,,,,,,,,,bicycle,,,,,,,Berkeley,,,,,,,
AJ’s Family Cyclery,,alameda,,bikeshops,,,,,,,https://www.ajsbikeservice.org/,37.66196,-121.7790915,9712673989,node,,,,,,,,,,,,,,,,,,,,,,,,,,,Mo-Th 09:00-17:00,,,,,,,,,,,,,,,,,,,,yes,yes,,,,,,,yes,yes,,yes,,,,yes,,,,yes,,,bicycle,,,,,,,Livermore,,,1444,94550,CA,Concannon Boulevard,
The New Wheel,,alameda,,bikeshops,,,,+1-415-524-7362,,,https://newwheel.net,37.8117886,-122.212202,9765783994,node,,,,,,,,,,,,,,,,,,,,,,,,,,,"Mo-We, Fr, Sa 10:00-18:00; Th 11:00-18:00; Su 11:00-17:00",,,,,,,,,,,,ebike,,,,,,,,,,,,,,,,,,yes,yes,yes,,,,,,,,,,bicycle,,,,,,,,,,,,,,
Rad power bike,,alameda,,bikeshops,,,,+1-510-296-8885,,,https://www.radpowerbikes.com/pages/showroom#s-0f8701cc-8ba8-4cbc-9e15-d7f8d6cbba85,37.8567143,-122.288513,9787064502,node,,,,,,,,,,,,,,,,,,,,,,,,,,,Mo-Su 10:00-18:00,,,,,,,,,,,,,,,,,,,,,,,,,,yes,,,,,,yes,,,,,,,,,,bicycle,,,,,,,Berkeley,,,2734,,,San Pablo Avenue,
Spokeland,,alameda,,bikeshops,,,,+1-510-852-9253,spokeland@gmail.com,,https://spokeland.square.site/,37.8266651,-122.2723498,9948284572,node,,,,,,,,,,,,,,,,,,,,,,,,,,,Su 12:30-15:00,,,,,,,,,,,,,,,,,,,,,,,,,,,,,,,,,,,,,,,,,,bicycle,,,,,,,Oakland,US,,813,94608,CA,37th Street,
Stay True Cycles,,alameda,,bikeshops,,,,+1-510-725-6281,,,,37.880217,-122.268568,11386879582,node,,,,,,,,,2023-11-30,,,,,,,,,,,,,,,,,,Tu-Sa 12:00-19:00,Stay True Cycles,,,,yes,,,,,,,,,,,,,,,,yes,,,,,,yes,yes,yes,,yes,yes,yes,,,yes,,,,,,bicycle,,,,,,,Berkeley,,,2116,94709,CA,Vine Street,
Westside Joe's Bike Shop,,alameda,,bikeshops,,,,+1-510-995-8582,,,https://www.westsidejoes.com/home,37.7711259,-122.2689272,12064954942,node,,,,,,,,,,,,,,,,,,,,,,,,,,,,Westside Joe's Bike Shop,,,,,,,,,,,,,,,,,,,,,,,,,,,,,,,,,,,,,,,,,bicycle,,,,,,,Alameda,,,1000,94501,CA,Central Avenue,
Westside Joe's Bike Shop,,alameda,,bikeshops,,,,+1-510-407-6950,,,,37.8294185,-122.248717,12503980314,node,,,,,,,,,,,,,,,,,,,,,,,,,,,Mo-Th 11:00-18:00,,,,,,,,,,,,,,,,,,,,,,,,,,,,,,,,,,,,,,,,,,bicycle,,,,,,,Oakland,,,4319,94611,CA,Piedmont Avenue,
Redwood Cycle House,,alameda,,bikeshops,,,,+1-510-214-6216,gaelan@redwoodcyclehouse.com,,https://www.redwoodcyclehouse.com/contact,37.6961913,-122.0815411,12564028826,node,,,,,,,,,,,,,,,,,,,,,,,,,,,,,,,,,,,,,,,,,,,,,,,,,,,,,,,,,,,,,,,,,,,,,bicycle,,,,,,,Castro Valley,,,3052,94546,CA,Castro Valley Boulevard,
BikeLink: Berkeley BART Bike Station,,alameda,,bikeshops,,,,,,,http://www.bikelink.org/,37.8701811,-122.2699543,12758812332,node,,,,,,,,,,,,,,,,,,,,,,,,,,,,,,,,,,,,,,,,,,,,,,,,,,,,,,,,,,,,,,,,,,,,,bicycle,,,,,,,Berkeley,,,2025,94704,CA,Center Street,
Pacific EBike,,alameda,,bikeshops,,,,,,,https://www.pacificebike.net/,37.8564267,-122.2878231,12784981421,node,,,,,,,,,,,,,,,,,,,,,,,,,,,,,,,,,,,,,,,,,,,,,,,,,,,,,,,,,,,,,,,,,,,,,bicycle,,,,,,,Berkeley,,,2735,94702,CA,San Pablo Avenue,
Fremont Schwinn Cyclery,,alameda,,bikeshops,,,,+1-510-656-8610,,,https://www.fremontschwinn.com/,37.5334644,-121.9612878,12817621978,node,,,,,,,,,,,,,,,,,,,,,,,,,,,,,,,,,,,,,,,,,,,,,,,,,,,,,,,,,,,,,,,,,,,,,bicycle,,,,,,,Fremont,,,4040,94538,CA,Papazian Way,
Karim Cycle,,alameda,,bikeshops,,,,,,,,37.8593766,-122.2594903,12821334275,node,,,,,,,,,,,,,,,,,,,,,,,,,,,,,,,,,,,,,,,,,,,,,,,,,,,,,,,,,,,,,,,,,,,,,bicycle,,,,,,,Berkeley,,,2800,94705,CA,Telegraph Avenue,
Pedego Electric Bikes,,alameda,,bikeshops,,,,+1-925-800-5330,,,https://pedegoelectricbikes.com/pages/dealers/livermore,37.6670903,-121.7397912,12950077823,node,,,,,,,,,,,,,,,,,,,,,,,,,,,,,,,,,,,,,,,,,,,,,,,,,,,,,,,,,,,,,,,,,,,,,bicycle,,,,,,,,,,4590,,,Tesla Road,
Niles Bicycles,,alameda,,bikeshops,,,,+1-510-565-1111,,,https://niles-bicycles.cloveronline.com/,37.5761144,-121.9784902,13141564343,node,,,,,,,,,,,,,,,,,,,,,,,,,,,,,,,,,,,,,,,,,,,,,,,,,,,,,,,,,,,,,,,,,,,,,bicycle,,,,,,,Fremont,,,161,94536,CA,I Street,
Rivendell Bicycle Works,,contra_costa,,bikeshops,,,,,,,,37.9081886,-122.0634311,316829653,node,,,,,,,,,,,,,,,,,,Potlatch 0.10f,,,,,,,,,,,,,,,,,,,,,,,,,,,,,,,,,,,,,,,,,,,,,,,,,,,bicycle,,,,,,,,,,,,,,
Rich City Rides,,contra_costa,,bikeshops,,,,+1 510 288 0944,info@richcityrides.org,,https://www.richcityrides.org/,37.9356078,-122.3549719,481786514,way,,,,,,,yes,,,,,https://www.facebook.com/rich.cityrides/,https://www.instagram.com/richcityrides/,https://www.linkedin.com/company/rich-city-rides/about/,https://twitter.com/rich_rides,,,,,,,,,,,,Mo-Fr 13:00-17:00,Rich City Rides,,,,,,,,,,,,,,,,,,,,,yes,,yes,,,,,,,yes,yes,,,yes,yes,,yes,,,,bicycle,,,,,,,Richmond,US,,1500,94804,CA,Macdonald Avenue,
Arlington Auto Shop & Bike Repair,,contra_costa,,bikeshops,,,,,,,https://www.kensingtonservicestation.com/,37.9030207,-122.278376,957796467,node,,,,,,,,,,,,,,,,,,,,,,,,,,,,,,,,,,,,,,,,,,,,,,,,,,,,,,,,,,,,,,,,,,,,,bicycle,,,,,,,,,,,,,,
Frame Up Bikes,,contra_costa,,bikeshops,,,,,,,,37.9373922,-122.0538777,991117347,way,,,,,,,yes,,,,,,,,,,,,,,,,,,,,,,,,,,,,,,,,,,,,,,,,,,,,,,,,,,,,,,,,,,,,,,bicycle,,,,,,,Walnut Creek,,,181,94597,CA,Mayhew Way,D
Mike's Bikes of Walnut Creek,,contra_costa,,bikeshops,,,,+1 925 954 1490,,,https://mikesbikes.com/pages/walnut-creek,37.9015195,-122.0647464,1727225695,node,,,,,,,,,,,,,,,,,,,,,,,,,,,,,,,,,,,,,,,,,,,,,,,,,,,,,,,,,,,,,,,,,,,,,bicycle,,,,,,,Walnut Creek,US,,1615,,CA,North California Boulevard,
Encina Bicycles,,contra_costa,,bikeshops,,,,,,,http://www.encincabicyclecenters.com,37.9254155,-122.0163993,2131722716,node,,,,,,,,,,,,,,,,,,,,,,,,,,,,,,,,,,,,,,,,,,,,,,,,,,,,,,,,,,,,,,,,,,,,,bicycle,,,,,,yes,,,,2901,94598,,Ygnacio Valley Road,
Rivendell Bike Book & Hatchet,,contra_costa,,bikeshops,,,,,,,,37.9007032,-122.0615962,3569488993,node,,,,,,,,,,,,,,,,,,,,,,,,,,,,,,,,,,,,,,,,,,,,,,,,,,,,,,,,,,,,,,,,,,,,,bicycle,,,,,,,,,,,,,,
Trek,,contra_costa,,bikeshops,,,,+1-212-581-4500,,,https://www.trekbikes.com/us/en_US/livermore_cyclery/,37.8513546,-122.0360819,4811884521,node,Trek Bicycle Store,,,,Trek,Q1067617,,,,,,,,,,,,,,,,,,,,,"Mo-Sa 09:30-06:00, Su 10:00-05:00",Trek,,,,,,,,,,,,,,,,,,,,,,,,,,,,,,,,,,,,,,,,,bicycle,,,,,,,Alamo,,,180 C,94507,CA,Alamo Plaza,
Pegasus Bicycle Works,,contra_costa,,bikeshops,,,,+1-925-362-2220,info@pegasusbicycleworks.com,,http://www.pegasusbicycleworks.com,38.016599,-122.1370881,5777592953,node,,,,,,,,,,,,https://www.facebook.com/pegasusbicycleworks,,,,,pegasus-bicycle-works-martinez,,,,,,,,,,,,,,,,,,,,,,,,,,,,,,,,,,,,,,,,yes,yes,yes,,,,,,,,,,bicycle,,,,,,,Martinez,,,721,94553,CA,Castro Street,
Pedego Electric Bike Rentals,,contra_costa,,bikeshops,,,,+1 925 718-5111,,,https://www.pedegoelectricbikes.com/,37.8202311,-121.9988093,6429723808,node,,,,,,,,,,,,,,,,,,,,,,,,,,,We-Fr 10:00-17:00; Sa-Su 09:30-17:00,,,,,,,,,,,,,,,,,,,,,,,,,,,,,,,,,,,,,,,,,,bicycle,,,,,,,Danville,,,294,94526,CA,Railroad Avenue,A
Big Dave's Bikes,,contra_costa,,bikeshops,,,,,,,,37.9487434,-122.0807618,7821399728,node,,,,,,,,,,,,,,,,,,,,,,,,,,,,,,,,,,,,,,,,,,,,,,,,,,,,,,,,,,,,,,,,,,,,,bicycle,,,,,,,,,,,,,,
Danville Bike,,contra_costa,,bikeshops,,,,,,,,37.8235902,-122.0022365,9960384078,node,,,,,,,,,,,,,,,,,,,,,,,,,,,,,,,,,,,,,,,,,,,,,,,,,,,,,,,,,,,,,,,,,,,,,bicycle,,,,,,,,,,,,,,
Trek,,contra_costa,,bikeshops,,,,,,,,37.8205678,-121.9984726,9960428030,node,Trek Bicycle Store,,,Danville,Trek,Q1067617,,,,,,,,,,,,,,,,,,,,,,,,,,,,,,,,,,,,,,,,,,,,,,,,,,,,,,,,,,,,,,,bicycle,,,,,,,,,,,,,,
Concord Community Bike Kitchen,,contra_costa,,bikeshops,,,,,Info@BikeConcord.org,,https://bikeconcord.org,37.9803014,-122.0267252,13053603799,node,,,,,,,,,,,,https://www.facebook.com/groups/219754671554566/user/100067689065465,,,,,,,,,,,,,,,Thurs 11:00-16:00 + 3RD Sundays 11:00 - 14:45,Smitty,,yes,,,,,,,,,,,only,,,,,,,,,,yes,yes,,,yes,yes,,yes,,,,yes,yes,,,,,,bicycle,,,,,,,Concord,,,2730,94519,CA,Salvio Street,
The Bike Connection,,san_francisco,,bikeshops,,,,+1 415 934-8000,,,https://www.bikeconnection.net/contact/san-francisco-pg420.htm,37.7770775,-122.4076668,260354461,way,,,,,,,retail,,,,,,,,,,,,,,7,,,,,,Mo-Fr 11:00-19:00; Sa 10:00-19:00; Su 10:00-18:00,,,,,,,,,,,,,,,,,,,,,,,,,,,,,,,,,,,,,,,,,,bicycle,,,,,,,San Francisco,,,1090,94103,CA,Folsom Street,
Bespoke,,san_francisco,,bikeshops,,,,,,,,37.7897312,-122.4398239,262586269,way,,,,,,,yes,,,,,,,,,,,,,,9,,,,,,Tu 10:00-19:00; We 12:00-19:00; Th-Fr 10:00-19:00; Sa 10:00-17:00,,,,,,,,,,,,,,,,,,,,,,,,,,,,,,,,,,,,,,,,,,bicycle,,,,,,yes,San Francisco,,,2843,,,Clay Street,
Roaring Mouse Cycles,,san_francisco,,bikeshops,,,,+1 415 753 6272,,,roaringmousecycles.com,37.8052688,-122.4688743,288325549,way,,,,,,,yes,,,,,,,,,,,,,,6,,,,,,,,,,,,,,,,,,,,,,,,,,,,yes,,,yes,,,yes,,,yes,yes,yes,,,yes,yes,yes,yes,,,bicycle,,,,,,,San Francisco,,,934,,CA,Mason Street,
Box Dog,,san_francisco,,bikeshops,,,,+1-415- 431-9627,,,https://www.boxdogbikes.com/,37.7681502,-122.424088,295086235,node,,,,,,,,,2023-01-14,,,,,,,,,,,,,,,,,,"Tu-Fr 10:00-18:00,Sa 11:00-17:00",,,,,,,,,,,,,,,,,,,,,,,,,,,,,,,,,,,,,,,,,,bicycle,,,,,,,San Francisco,,,494,94103,CA,14th Street,
Park Wide Bike Rentals,,san_francisco,,bikeshops,,,,+1-415-671-8989,,,https://parkwide.com/,37.7879768,-122.4081391,332499923,way,,,,,,,pavilion,1,,,,,,,,,,,,,3,,,,,,Mo-Su 08:00-19:30,,,,,,,,,,,,,,,,,,,,,,,,,,,,,,yes,,,,,,,,,,,,bicycle,,,,,,,,,,,,,,
Big Swingin' Cycles,,san_francisco,,bikeshops,,,,415-441-6294,,,https://www.bigswingincyclestours.com/,37.796607,-122.4233582,387250476,node,,,,,,,,,,,,,,,,,,,,,,,,,,,,,,,,,,,,,,,yes,,,,,,,,,,,,,,,,,,yes,,,,,,,,,,,,bicycle,,,,,,,San Francisco,US,,2260,94109,CA,Van Ness Avenue,
Blazing Saddles,,san_francisco,,bikeshops,,,,,,,,37.8060401,-122.4206145,388206447,node,,,,,,,,,2023-10-10,,,,,,,,,,,,,,bicicleta,,,,,,,,,,,,,,,,,,,,,,,,,,,,,,,,,,yes,,,,,,,,,,,,bicycle,,,,,,,,,,,,,,
DD Cycles,,san_francisco,,bikeshops,,,,,,,,37.77536,-122.5024636,409486378,node,,,,,,,,,,,,,,,,,,,,,,,,,,,,,,,,,,,,,,,,,,,,,,,,,,,,,,,,,,yes,yes,,,yes,,,,,,,bicycle,,,,,,,,,,4049,,,Balboa Street,
Valencia Cyclery,,san_francisco,,bikeshops,,,,+1-415-550-6600,,,https://www.valenciacyclery.com/,37.7557673,-122.4208616,414269441,node,,,,,,,,,2025-02-11,,,valenciacyclery,valenciacyclery,,,,,,,,,,,,,,Mo-Sa 10:00-18:00; Su 10:00-17:00,,,,,,,,,,,,,,,,,,,,,,,,,,,,,,,,,,,,,,,,,,bicycle,,,,,,,,,,1077,94110,,Valencia Street,
Mike’s Bikes,,san_francisco,,bikeshops,,,,,,,,37.7757293,-122.411959,414269472,node,,,,,,,,,2024-04-14,,,,,,,http://mikesbikes.com,,,,,,,,,,,Mo-Sa 10:00-18:00; Su 10:00-17:00,,,,,,,,,,,,,,,,,,,,,,,,,,,,,,,,,,,,,,,,,,bicycle,,survey,,,,no,San Francisco,,,1233,94103,CA,Howard Street,
Avenue Cyclery,,san_francisco,,bikeshops,,,,,,,,37.767985,-122.4531542,414269873,node,,,,,,,,,2025-06-25,,,,,,,,,,,,,0,,,,,Mo-Tu off; We-Su 11:00-17:00,,,,,,,,,,,,,,,,,,,,,,,,,,,,,,yes,yes,yes,,,,,,,,,,bicycle,,,,,,yes,,,,756,,,Stanyan Street,
American Cyclery,,san_francisco,,bikeshops,,,,,,,,37.7664614,-122.4532324,414269956,node,,,,,,,,,2025-07-20,2024-12-19,2024-12-19,,,,,,,,,,,0,,,,,"Mo,We-Fr 11:00-18:00; Sa,Su 10:00-17:00",,,,,,,,,,,,,,,,,,,,,,,,,,,,,yes,,,,,,,,,,,,,bicycle,,,,,,no,,,,510,,,Frederick Street,
Freewheel Bike Shop,,san_francisco,,bikeshops,,,,,,,,37.7737914,-122.4481572,414270268,node,,,,,,,,,2025-04-12,,,,,,,,,,,,,0,,,,,"Mo,Su off; Tu-Sa 12:00-17:00",,,,,,,,,,,,,,,,yes,,yes,,,,yes,,,,,,yes,no,,yes,yes,yes,,,yes,,yes,,,yes,bicycle,,,,,,yes,,,,1920,,,Hayes Street,
The Bike Hut,,san_francisco,,bikeshops,,,,415-543-4335,,,http://thebikehut.org/,37.7817879,-122.3877446,572156641,way,,,,,,,yes,,2023-05-06,,,,,,,,,,,,,,,,,,Sa-Su 10:00-18:00; We-Fr 10:00-16:00,,,yes,,yes,yes,,,,,,,,,,,,,,,,,,,,,,,,yes,,,,,,,,,,,,bicycle,,,,,,,,,,,,,,
Trek,,san_francisco,,bikeshops,,,,,,,https://www.trekbikes.com/retail/san_francisco_cow_hollow/,37.7969906,-122.4373328,1277684421,node,Trek Bicycle Store,,,,Trek,Q1067617,,,,,,,,,,,,,,,,,,,,,Mo-Fr 11:00-19:00; Sa 11:00-18:00; Su 11:00-17:00,,,,,,,,,,,,,,,yes,,,,,,,,,,,,,,,,yes,yes,,,,,,,,,,bicycle,,survey;POI website,,,,,San Francisco,,,3001,94123,CA,Steiner Street,
The New Wheel,,san_francisco,,bikeshops,,,,415-524-7362,,,https://newwheel.net,37.7390341,-122.4172366,2148515392,node,,,,,Benno;Gazelle;Riese & Müller;Stromer;Tern,,,,,,,,,,,,,,,,,,,,,,Mo-Su 10:00-18:00,,,,,,,,,,,,,,,,,,,,,,,,,,,,,,,yes,yes,,,,,,,,,,bicycle,,,,,,yes,,,,420,94110,,Cortland Avenue,
High Trails Cyclery,,san_francisco,,bikeshops,,,,,,,http://www.hightrailssf.com/,37.7937221,-122.4214909,2588127357,node,,,,,,,,,,,,,,,,,,,,,,,,,,,Mo-Fr 11:00-19:00; Sa 10:00-18:00; Su 11:00-18:00,,,,,,,,,,,,,,,,,,,,,,,,,,,,,,,,,,,,,,,,,,bicycle,,,,,,,San Francisco,,,1825,94109,,Polk Street,
Warm Planet Bikes,,san_francisco,,bikeshops,,,,,,,,37.7813306,-122.411801,2616534089,node,,,,,,,,,,,,,,,,,,,,,,,,,,,,,,,,,,,,,,,,,,,,,,,,,,,,,,,,,,,,,,,,,,,,,bicycle,,,,,,,San Francisco,,,1098A,94102,,Market Street,
Bike and Roll,,san_francisco,,bikeshops,,,,,,,,37.802572,-122.4137552,3067881433,node,,,,,,,,,,,,,,,,,,,,,,,,,,,,,,,,,,,,,,,,,,,,,,,,,,,,,,,,,,,,,,,,,,,,,bicycle,,,,,,,,,,,,,,
Pedal Inn Bike Tours and Provisions,,san_francisco,,bikeshops,,,,415-890-6910,,,www.pedalinn.com,37.7519946,-122.4071224,3079493761,node,,,,,,,,,,,,,,,,,,,,,,,,,,,,,,,,,,,,,,,,,,,,,,,,,,,,,,,,,yes,,,,,,,,,,,,bicycle,,,,,,no,San Francisco,,,1259,94110,,Hampshire Street,
Bike Kitchen,,san_francisco,,bikeshops,,,,,,,https://bikekitchen.org/,37.7609877,-122.4116329,3309257523,node,,bicycle_repair_station,,,,,,,,,,,,,,,,,,,,,,,,,"6pm-9pm Tuesday, Wednesday, Thursday; noon-3pm Saturday; Womens/Trans/Fem night: 6pm-9pm 2nd and 4th Mondays",,,,,,,,,,,,,,,,,,,,,,,,,,,,,,,,,,,,,,,,,,bicycle,,,,,,,San Francisco,US,,650H,94110,CA,Florida Street,
Golden Gate Rides,,san_francisco,,bikeshops,,,,,,,,37.7894236,-122.4079456,3393351143,node,,,,,,,,,2024-03-23,,,,,,,,,,,,,,,,,,,,,,,,,,,,,,,,,,,,,,,,,,,,,,,,,,,,,,,,,,,,bicycle,,,,,,,,,,,,,,
Unlimited Biking,,san_francisco,,bikeshops,,,,,,,,37.7695259,-122.4517055,3801395652,node,,,,,,,,,2025-10-11,,,,,,,,,,,,,0,,,,,,,,,,,,,,,,,,,,,,,,,,,,,,,,,,,,,,,,,,,,,,,bicycle,,,,,,yes,,,,1792,,,Haight Street,
Swell Bicycles,,san_francisco,,bikeshops,,,,+1 415-731-3838,,,https://swellbicycles.com/,37.7626623,-122.5008937,4015100320,node,,,,,,,,,2023-07-25,,,,,,,,,,,,,0,,,,,"Mo-Tu,Th-Fr 10:00-20:00; Sa-Su 10:00-18:00",,,,,,,,,,,,,,,,,,,,,,,,,,,,,,,,,,,,,,,,,,bicycle,,,,,,yes,San Francisco,US,,4002,94122,CA,Irving Street,
Barbary Coast Cyclery,,san_francisco,,bikeshops,,,,,,,,37.7630714,-122.4855659,4018792701,node,,,,,,,,,2025-02-09,,,,,,,,,,,,,0,,,,,Mo-Sa 11:00-18:00; Su off,,,,,,,,,,,,,,,,,,,,,,,,,,,,,,,yes,yes,,,,,,,,,,bicycle,,,,,,,San Francisco,,,2555,94122,CA,Irving Street,
Blazing Saddles,,san_francisco,,bikeshops,,,,,,,,37.8089675,-122.411855,4033949440,node,,,,,,,,,2023-12-16,,,,,,,,,,,,,,,,,,,,,,,,,,,,,,,,,,,,,,,,,,,,,,,,yes,,no,,,,,,,,,,bicycle,,,,,,,,,,,,,,
Blazing Saddles,,san_francisco,,bikeshops,,,,,,,,37.8075441,-122.4201258,4033954298,node,,,,,,,,,2023-12-16,,,,,,,,,,,,,,,,,,,,,,,,,,,,,,,,,,,,,,,,,,,,,,,,yes,,no,,,,,,,,,,bicycle,,,,,,,,,,,,,,
Clubhouse Velo,,san_francisco,,bikeshops,,,,+1-415-294-1907,,,https://www.clubhousevelo.com,37.7755131,-122.499245,4101104052,node,,,required,,,,,,2023-07-29,,,,,,,,,,,,,0,,Shop custom fits bike for clients.,,,"Mo,We,Su off; Tu,Th 09:00-18:30; Fr 09:00-17:00; Sa 10:00-17:00",,,yes,yes,yes,,,,,,,,,,,,,,,,,,,,,,,,,,,no,,,,,,,,,,bicycle,,,,,no,,San Francisco,,,3785,94121,CA,Balboa Street,
Heavy Metal Bike Shop,,san_francisco,,bikeshops,,,,+1-415-643-3929,,,https://www.heavymetalbikeshop.com/,37.7440817,-122.4222339,4113435900,node,,,,,,,,,,,,,,,,,,,,,,,,,,,10:00-19:00,,,,,,,,,,,,,,,,,,,,,,,,,,,,,,,,,,,,,,,,,,bicycle,,,,,,,,,,82,,,29th Street,
San Francisco Bicycle Rentals,,san_francisco,,bikeshops,,,,+1-415-922-4537,,,https://www.bikerentalsanfrancisco.com/,37.8076253,-122.4193995,4307083195,node,,,,,,,,,2023-12-16,,,,,,,,,,,,,,,,,,,,,,,,,,,,,,,,,,,,,,,,,,,,,,,,yes,,no,,,,,,,,,,bicycle,,,,,,,San Francisco,,,425,,CA,Jefferson Street,
Ocean Cyclery,,san_francisco,,bikeshops,,,,,,,,37.7254111,-122.463139,4331567159,node,,,,,,,,,,,,,,,,,,,,,,,,,,,,,,,,,,,,,,,,,,,,,,,,,,,,,,,,,,,,,,,,,,,,,bicycle,,,,,,,San Francisco,,,1935,94112,CA,Ocean Avenue,
Blazing Saddles Bike Rental,,san_francisco,,bikeshops,,,,+1-415-202-8888,,,https://www.blazingsaddles.com/san-francisco/locations,37.787461,-122.4101144,4498319692,node,,,,,,,,,,,,,,,,,,,,,,,,,,,"24/7 off ""temporarily closed""",,,,,,,,,,,,,,,,,,,,,,,,,,,,,,,,,,,,,,,,,,bicycle,,,,,,,San Francisco,,,433,94102,CA,Mason Street,
Spoke Easy SF,,san_francisco,,bikeshops,,,,,,,https://spokeeasysf.com/,37.7821333,-122.479686,4571201978,node,,,,,,,,,,,,,,,,,,,,,,,,,,,We-Mo 12:00-17:00,,,,,,,,,,,,,,,,,,,,,,,yes,,,,,yes,,,yes,yes,,,,,,,,,,bicycle,,,,,,,San Francisco,,,1901,94121,CA,Clement Street,
CityRide Bike Rentals,,san_francisco,,bikeshops,,,,,,,,37.8063304,-122.4192554,5686877210,node,,,,,,,,,,,,,,,,,,,,,,,,,,,,,,,,,,,,,,,,,,,,,,,,,,,,,,,,,yes,,,,,,,,,,,,bicycle,,,,,,,,,,,,,,
Don Rafa's Cyclery,,san_francisco,,bikeshops,,,,+1 415-934-1944,,,,37.7650207,-122.41819,5992714947,node,,,,,,,,,2024-04-06,,,,,,,,,,,,,,,,,,Mo-Fr 10:00-18:00,,,,,,,,,,,,,,,,,,,,,,,,,,,,,,,,yes,,,,,,,,,,bicycle,,,,,,,,,,2929,,,16th Street,
Scenic Routes Community Bicycle Center,,san_francisco,,bikeshops,,,,+1 415 669 0958‬,scenicroutessf@gmail.com,,https://www.scenicroutessf.com/,37.7770896,-122.4645001,6836023082,node,,,,,,,,,2025-11-09,,,,https://www.instagram.com/scenicroutessf/,,https://twitter.com/scenicroutessf,,,,,,,0,,,,,Mo-Tu off; We-Su 12:00-19:00,,,,,,,,,,,,,,,,,,,,,,,,,,,,,,,,,,,,,,,,,,bicycle,,,,,,yes,San Francisco,,,521,94118,CA,Fulton Street,
Huckleberry Bicycles,,san_francisco,,bikeshops,,,,+1-415-484-6575,,,https://www.huckleberrybikes.com/,37.8027852,-122.4020105,8829025966,node,,,,,,,,,,,,,,,,,,,,,,,,,,,Mo-Sa 10:00-17:00,,,,,,,,,,,,,,,,,,,,,,,,,,,,,,,,,,,,,,,,,,bicycle,,,,,,,,,,1255,,,Battery Street,120
Trek,,san_francisco,,bikeshops,,,,,,,https://www.trekbikes.com/us/en_US/retail/san_francisco_soma/,37.7715681,-122.404794,8830579324,node,Trek Bicycle Store,,,San Francisco SOMA,Trek,Q1067617,,,2023-05-21,,,,,,,,,,,,,,,,,,Tu-Fr 11:00-18:00; Sa 10:00-18:00,,,,,,,,,,,,,,,,,,,,,,,,,,,,,,,yes,yes,,,,,,,,,,bicycle,,,,,,,,,,869,,,Brannan Street,
Velocipede Cyclery,,san_francisco,,bikeshops,,,,,,,https://www.velocipedecyclery.com/,37.7592811,-122.3882512,8842954877,node,,,,,,,,,,,,,,,,,,,,,,,,,,,Mo-Fr 10:00-19:00; Sa 09:00-18:00; Su 10:00-17:00; PH off,,,yes,,yes,,,,,,,,,,,,,,,,,,,,,,,,,,yes,yes,,,,,,,,,,bicycle,,,,,,,San Francisco,,,2405,94107,CA,3rd Street,
Mash,,san_francisco,,bikeshops,,,,,,,https://mashsf.com/,37.7646107,-122.4310845,10612914638,node,,,,,,,,,2023-02-06,,,,,,,,,,,,,,,,,,,,,,,,,,,,,,,,,,,,,,,,,,,,,,,,,,,,,,,,,,,,bicycle,,,,,,,,,,284,,,Sanchez Street,
Third Rail Ebikes,,san_francisco,,bikeshops,,,,,,,https://www.thirdrailebikes.com/,37.7632286,-122.4126593,10656557656,node,,,,,,,,,2023-02-13,,,,,,,,,,,,,,,,,,,,,,,,,,yes,yes,,,,,,,,,,,,,,,,,,,,,,,,,,,,,,,,,bicycle,,,,,,yes,,,,2125,,,Harrison Street,
(in garage),,san_francisco,,bikeshops,,,,,,,,37.7717143,-122.434695,11334789310,node,,,,,,,,,,,,,,,,,,,,,,,,,,,,,,,,,,,,,,,,,,,,,,,,,,,,,,,,,,,,,,,,,,,,,bicycle,,,,,,,,,,,,,,
The Hub by BXP,,san_francisco,,bikeshops,,,,,,,,37.7948486,-122.3998788,11965722173,node,,,,,,,,,2022-08-24,,,,,,,,,,,,,,,,,,Mo-Fr 07:00-17:00,,,,,,,,,,,,,,,,,,,,,,,,,,,,,,,yes,,,,,,,,,,,bicycle,,,,,,,,,,,,,,
Last Mile,,san_francisco,,bikeshops,,,,,,,,37.777091,-122.422326,12950158476,node,,,,,,,,,2025-06-24,,,,,,,,,,,,,,,,,,,,,,,,,,,,,,,,,,,,,,,,,,,,,,,,,,,,,,,,,,,,bicycle,,,,,,,,,,,,,,
Belmont Bikes,,san_mateo,,bikeshops,,,,,,,,37.5121313,-122.2932711,50417561,way,,,,,,,yes,,,,,,,,,,,,,,,,,,,,,,,,,,,,,,,,,,,,,,,,,,,,,,,,,,,,,,,,,,,,,,bicycle,,,,,,,Belmont,,,2041,94002,CA,Ralston Avenue,
Passion Trail Bikes,,san_mateo,,bikeshops,,,,,,,,37.5263928,-122.2810775,130216215,way,,,,,,,yes,,,,,,,,,,,,,,,,,,,,,,,,,,,,,,,,,,,,,,,,,,,,,,,,,,,yes,yes,,,,,,,,,,bicycle,,,,,,,,,,415C,,,Old County Road,
Garner's Pro Bike Shop,,san_mateo,,bikeshops,,,,+1-650-366-2619,,,,37.4714517,-122.2142198,130819246,way,,,,,,,retail,,,,,,,,,,,,,,,,,,,,,,,,,,,,,,,,,,,,,,,,,,,,,,,,,,,,,,,,,,,,,,bicycle,,,,,,,Redwood City,,,2755,94061,,El Camino Real,
GoRide Bicycles,,san_mateo,,bikeshops,,,,+1-650-366-2453,,,https://goridebicycles.com/,37.4712293,-122.2143166,130819247,way,,,,,,,retail,,,,,,,,,,,,,,,,,,,,,,,,,,,,,,,,,,,,,,,,,,,,,,,,,,,,,,,,,,,,,,bicycle,,,,,,,Redwood City,,,2757,94061,,El Camino Real,
Chain Reaction Bicycles,,san_mateo,,bikeshops,,,,+1-650-366-7130,,,https://www.chainreaction.com,37.4790902,-122.2257482,240578859,way,,,,,,,retail,,,,,,,,,,,,,,,,,,,,Mo-Fr 11:00-17:30; Sa 10:00-17:00,,,,,,,,,,16718,31767,,,,,,,,,,,,,,,,,,,,,,,,,,,,,,,bicycle,,"City of Redwood City, CA 1013",,,,,Redwood City,,,1680,94063,,El Camino Real,
,,san_mateo,,bikeshops,,,,,,,,37.5860337,-122.3603913,272764075,node,,,,,,,,,,,,,,,,,,Potlatch 0.9c,,,,,,,,,,,,,,,,,,,,,,,,,,,,,,,,,,,,,,,,,,,,,,,,,,,bicycle,,,,,,,,,,,,,,
Bike Works Bike Shop,,san_mateo,,bikeshops,,,,,,,,37.4637354,-122.4333661,389972714,way,,,,,,,yes,2,,,,,,,,,,,,,,,,,,,,,,,,,,,,,,,,,,,,,,,,,,,,,,,,,,,,,,,,,,,,,bicycle,,,,,,,,,,,,,,
Cyclepath,,san_mateo,,bikeshops,,,,+1-650-341-0922,,,https://towne.io/store/cyclepath-of-san-mateo-53,37.5555738,-122.318096,454929330,node,,,,,,,,,2015-01-08,,,,,,,,,,,,,,,,,,,,,,,,,yes,,,,,,,,,,,,,,,,,,,,,,,,,,,,,,,,,,,bicycle,,,,,,,San Mateo,,,1212,94402,CA,South El Camino Real,
Woodside Bike Shop,,san_mateo,,bikeshops,,,,+1 650-299-1071,,,,37.4591436,-122.193738,1411725385,node,,,,,,,,,,,,,,,,,,,,,,,,,,,"Mo-Fr 10:00-18:00; Sa 09:00-18:00,",,,,,,,,,,,,,,,,,,,,,,,,,,,,,,,,,,,,,,,,,,bicycle,,,,,,,Menlo Park,,,1800,94027,CA,El Camino Real,A
"Véloro Bicycles, Inc.",,san_mateo,,bikeshops,,,,+1-650-241-1060,,,https://www.veloro.com/,37.4851647,-122.2263825,1720118516,node,,,,,,,,,2025-10-29,,,,,,,,,,,,,,,,,,"Mo,Su off; Tu-Sa 11:00-18:00",,,,,,,,,,,,,,,,,,,,,,,,,,,,,,,,,,,,,,,,,,bicycle,,,,,,,Redwood City,,,910,94063,,Main Street,
Bike Shop,,san_mateo,,bikeshops,,,,,,,,37.4846472,-122.1489882,2611183818,node,,,,,,,,,,,,,,,,,,,,,,,,,,,Mo-Fr 09:00-18:00,,,,,,,,,,,,,,,,,,,,,,,,,,,,,no,,,,,,,,,,,,,bicycle,,,,,,,,,,,,,,
Woodside Bike Shop,,san_mateo,,bikeshops,,,,+1 650-299-1071,,,https://www.woodsidebikeshop.com,37.4561174,-122.2277672,6575952756,node,,,,,,,retail,,,,,,,,,,,,,,,,,,,,Mo-Sa 11:00-19:00,,,,,,,,,,,,,,,,,,,,,,,,,,,,,,,,,,,,,,,,,,bicycle,,,,,,,Redwood City,,,1523,94061,,Woodside Rd.,
Red Lantern Cycles,,san_mateo,,bikeshops,,,,+1-650-853-3051,,,https://www.redlanterncycles.com/,37.449523,-122.1857588,9735638508,node,,,,,,,,,,,,https://www.facebook.com/124260754276746,,,,,,,,,,,,,,,,,,,,,,,,,,,,,,,,,,,,,,,,,,,,,,,,,,,,,,,,,bicycle,,,,,,,Menlo Park,,,883,94025,CA,Santa Cruz Avenue,3
Summit Bicycles,,san_mateo,,bikeshops,,,,,,,,37.5863463,-122.3610169,9795874838,node,,,,,,,,,,,,,,,,,,,,,,,,,,,Mo-Fr 10:00-18:00; Sa-Su 10:00-17:00,,,,,,,,,,,,,,,,,,,,,,,,,,,,,,,,,,,,,,,,,,bicycle,,,,,,,,,,,,,,
Cognition Cyclery,,san_mateo,,bikeshops,,,,+1-650-393-5031,info-Cognitioncyclery@specialized.com,,Cognitioncyclery.com,37.5630508,-122.3236054,11492560590,node,,,,,Specialized,,,,,,,,,,,,,,,,,,,,,,"Mo-Sa 10:00-18:00, Su 11:00-17:00",Specialized Bicycle Components,,yes,,yes,,,,,,,,,,,,yes,,,,,,yes,,yes,,yes,,yes,,yes,yes,yes,,,yes,,,,,,bicycle,,,,yes,,yes,San Mateo,,,66,94401,CA,East 4th Avenue,
Live In Peace Bike Shop,,san_mateo,,bikeshops,,,,,,,,37.4741144,-122.1313301,13183309823,node,,,,,,,,,,,,,,,,,,,,,,,,,,,,,,,,,,,,,,,,,,,,,,,,,,,,,,,,,,,,,,,,,,,,,bicycle,,,,,,,East Palo Alto,,,2524,94303,CA,Pulgas Avenue,
Cycle Gear,,santa_clara,,bikeshops,,,,,,,,37.0000114,-121.5570168,28338269,way,,,,,,,yes,,,,,,,,,,,,,,,,,,,,,,,,,,,,,,,,,,,,,,,,,,,,,,,,,,,,,,,,,,,,,,bicycle,,,,,,,,,,,,,,
Walt's Cycle,,santa_clara,,bikeshops,,,,+1-408-736-2630,,,,37.3766384,-122.0278212,30911572,way,,,,,,,retail,2,,,,,,,,,,,,,,,,,,,,,,,,,,,,,,,,flat,,,,,,,,,,,,,,,,yes,,,,,,,,,,,,,bicycle,,bing,,,,,,,,116,,,Carroll Street,
Bicycle Outfitter,,santa_clara,,bikeshops,,,,,,,https://www.bicycleoutfitter.com/,37.3532602,-122.0878368,40534438,way,,,,,,,yes,,,,,,,,,,,,,,,,,,,,Tu-Sa 10:00-18:00; Su 11:00-17:00,,,,,,,,,,,,,,,,,,,,,,,,,,,,,,,,,,,,,,,,,,bicycle,,,,,,,,,,,,,,
VeloTechCycles,,santa_clara,,bikeshops,,,,,,,,37.442693,-122.1597983,132397139,way,,,,,,,yes,,,,,,,,,,,,,,,,,,,,,,,,,,,,,,,,,,,,,,,,,,,,,,,,,,,,,,,,,,,,,,bicycle,,bing,,,,,Palo Alto,,,732,94301,CA,Emerson Street,
Palo Alto Bicycles,,santa_clara,,bikeshops,,,,+1 650 3287411,,,https://www.paloaltobicycles.com/,37.4444942,-122.1631714,132746408,way,,,,,,,yes,,2024-07-19,,,,,,,,,,,,,,,,,,Tu-Sa 10:00-18:00; Su 11:00-17:00,,,,,,,,,,,,,,,,,,,,,,,,,,,,,,,,,,,,,,,,,,bicycle,,bing,,,,,Palo Alto,,,171,94301,CA,University Avenue,
Upshift Cycles,,santa_clara,,bikeshops,,,,,,,https://www.upshiftsj.com/,37.3320547,-121.912332,158248753,way,,,,,,,yes,,,,,,,,,,,,,36.35,6.05,,,,,,,,,,,,,,,,,,,,,,,,,,,,,,,,,,,,,yes,yes,,,,,,,,,,bicycle,,,,,,,San Jose,,,1280,95126,,The Alameda,
Mike's Bikes,,santa_clara,,bikeshops,,,,,,,,37.3071434,-121.8999519,225040394,way,,,,,,,yes,,,,,,,,,,,,,44.65,6.04,,,,,,,,,,,,,,,,,,,,,,,,,,,,,,,,,,,,,,,,,,,,,,,,bicycle,,,,,,,San Jose,,,1180,95125,,Lincoln Avenue,
The Bike Connection,,santa_clara,,bikeshops,,,,,,,,37.4279586,-122.1487441,229811954,way,,,,,,,yes,,2023-12-30,,,,,,,,,,,,,,,,,,,,,,,,,,,,,,,,,,,,,,,,,,,,,,,,,,,,,,,,,,,,bicycle,,,,,,,Palo Alto,US,,2011,94306,,El Camino Real,
Summit Bicycles,,santa_clara,,bikeshops,,,,,,,,37.42663,-122.1447932,232276145,way,,,,,,,yes,,2025-11-14,,,,,,,,,,,,,,,,,,Mo-Fr 11:00-18:00; Sa-Su 10:00-17:00,,27629,,,,,,,,,,,,,,,,,,,,,,,,,,,,,,,,,,,,,,,,bicycle,,,,,,,Palo Alto,,,392,,,South California Avenue,
Cardinal Bike Shop,,santa_clara,,bikeshops,,,,,,,,37.4284015,-122.1493375,232276159,way,,,,,,,yes,,2023-12-30,,,,,,,,,,,,,,,,,,,,7752,,,,,,,,,,,,,,,,,,,,,,,,,,,,,,,,,,,,,,,,bicycle,,City of Palo Alto CA 0713,,,,,Palo Alto,,,1955,,,El Camino Real,
Bicycle Express,,santa_clara,,bikeshops,,,,,,,,37.3300225,-121.8821868,312774153,node,,,,,,,,,,,,,,,,,,,,,,,,,,,Tu-Fr 10:30-19:00; Sa 11:00-18:00,,,,,,,,,,,,,,,,,,,,,,,,,,,,,yes,,,,,,,,,,,,,bicycle,,,,,,,San Jose,,,131,95112,,East William Street,
The Off Ramp,,santa_clara,,bikeshops,,,,,,,,37.3526394,-121.9678437,317341341,node,,,,,,,,,,,,,,,,,,,,,,,,,,,,,,,,,,,,,,,,,,,,,,,,,,,,,,,,,,,,,,,,,,,,,bicycle,,,,,,,Santa Clara,US,,2369,95050,,El Camino Real,
Formerly Crossroads Bicycles,,santa_clara,,bikeshops,,,,,,,,37.2267319,-121.9820963,319524197,node,,,,,,,,,,,,,,,,,,,,,,,,,,,,,,,,,,,,,,,,,,,,,,,,,,,,,,,,,,,,,,,,,,,,,bicycle,,,,,,,,,,,,,,
Bike Center,,santa_clara,,bikeshops,,,,,,,,37.007388,-121.5692081,334790396,node,,,,,,,,,,,,,,,,,,Potlatch 0.10f,,,,,,,,,,,,,,,,,,,,,,,,,,,,,,,,,,,,,,,,,,,,,,,,,,,bicycle,,,,,,,,,,,,,,
Campus Bike Shop,,santa_clara,,bikeshops,,,,,,,https://campusbikeshop.com/,37.4239673,-122.170752,340330779,node,,,,,,,,,,,,,,,,,,,,,,0,,,,,,"M&S Bicycles Stanford, Inc.",,,,,,,,,,,,,,,,,,,,,,,,,,,,,yes,yes,,yes,,,,,,,,,bicycle,,,,,,,Stanford,,,459,94305,CA,Lagunita Drive,12
Summit Bicycles,,santa_clara,,bikeshops,,,,+1-855-245-3663,,,https://www.summitbicycles.com/,37.2214545,-121.9787255,472293239,node,,,,,,,,,,,,,,,,,,,,,,,,,,,Mo-Su 11:00-17:00,,,,,,,,,,,,,,,,,,,,,,,,,,,,,,,,,,,,,,,,,,bicycle,,,,,,,,,,,,,,
Fast Bicycle,,santa_clara,,bikeshops,,,,,,,,37.3578623,-121.8439835,785738607,way,,,,,,,yes,,,,,,,,,,,,,35.33,4.58,,,,,,,,,,,,,,,,,,,,,,,,,,,,,,,,,,,,,yes,,,,,,,,,,,bicycle,,,,,,,San Jose,,,2274,95116,,Alum Rock Avenue,
Mike's Bikes,,santa_clara,,bikeshops,,,,,,,https://www.mikesbikes.com/,37.2263579,-121.9823327,856198471,node,,,,,,,,,,,,,,,,,,,,,,,,,,,,,,,,,,,,,,,,,,,,,,,,,,,,,,,,,,,,,,,,,,,,,bicycle,,,,,,,,,,,,,,
Community Cycles of California,,santa_clara,,bikeshops,,,,+1 408 657 9092,,,https://www.communitycyclesca.org/,37.3313315,-121.9059164,1009727630,way,,,,,,,yes,,,,,,,,,,,,,33.35,2.79,,,nonprofit,,,"Th-Fr 12:00-19:00, Sa-Su 11:00-16:00",,,,,,,,,,,,,,,,,,,,,,,,,,,,,,,,,,,,,,,,,,bicycle,,,,,,,San Jose,,,35,95126,,Wilson Avenue,
ELV Motors,,santa_clara,,bikeshops,,,,+1-888-612-9883,,,https://www.elvmotors.com/,37.351949,-121.9659181,1044084297,way,,,,,,,retail,1,,,,,,,,,,,,,,,,,,,,,,,,,,,,,,,,,,,,,,,,,,,,yes,,,,,,,,,,,,,,,,,bicycle,,,,,,,Santa Clara,,,2332,95050,CA,El Camino Real,
Hyland Family Bicycles,,santa_clara,,bikeshops,,,,,,,,37.2976764,-121.913993,1146637575,node,,,,,,,,,,,,,,,,,,,,,,,,,,,,,,,,,,,,,,,,,,,,,,,,,,,,,,,,,,,,,,,,,,,,,bicycle,,,,,,,San Jose,,,1515,95125,,Meridian Avenue,
Evolution Bike Shop,,santa_clara,,bikeshops,,,,,,,,37.3238049,-122.0179071,1293729021,node,,,,,,,,,,,,,,,,,,,,,,,,,,,,,,,,,,,,,,,,,,,,,,,,,,,,,,,,,,,,,,,,,,,,,bicycle,,,,,,,,,,19685,95014,,Stevens Creek Boulevard,
Calabazas Cyclery,,santa_clara,,bikeshops,,,,,,,,37.3089515,-122.0120383,1616253687,node,,,,,,,,,,,,,,,,,,,,,,,,,,,,,,,,,,,,,,,,,,,,,,,,,,,,,,,,,,yes,yes,,,,,,,,,,bicycle,,,,,,,San Jose,,,6140,95129,,Bollinger Road,
Wheel Away Cycle Center,,santa_clara,,bikeshops,,,,+1-408-378-4636,,,https://www.wheelaway.com/,37.2938645,-121.942862,1707645861,node,,,,,,,,,,,,,,,,,,,,,,,,,,,,,,,,,,,,,,,,,,,,,,,,,,,,,,,,,,,,,,,,,,,,,bicycle,,,,,,,Campbell,,,402,95008,CA,East Hamilton Avenue,
Concept Cyclery,,santa_clara,,bikeshops,,,,,,,http://www.conceptcyclery.com,37.1336882,-121.6292047,2666348865,node,,,,,,,,,,,,,,,,,,,,,,,,,,,,,,,,,,,,,,,,,,,,,,,,,,,,,,,,,,,,,,,,,,,,,bicycle,,,,,,,,,Harvest Plaza,1295,95037,,East Dunne Avenue,
San Jose Bicycles,,santa_clara,,bikeshops,,,,+1-408-964-8640,sanjosebicycles@gmail.com,,http://sjbikeshop.com/,37.307375,-121.8492042,3033924237,node,,,,,,,,,,,,,,,,,,,,,,,,,,,Mo-Th 14:00-19:00; Fr-Sa 12:00-19:00; Su 12:00-17:00,,,,,,,,,,,,,,,,,,,,,,,,,,,,,,,,,,,,,,,,,,bicycle,,,,,,,San Jose,,,565,95112,CA,Tully Road,
Shifty Cycles,,santa_clara,,bikeshops,,,,,,,,37.1110793,-121.6428178,4170062875,node,,,,,,,,,,,,,,,,,,,,,,,,,,,,,,,,,,,,,,,,,,,,,,,,,,,,,,,,,,,,,,,,,,,,,bicycle,,,,,,,,,,,,,,
Mike's Bikes,,santa_clara,,bikeshops,,,,+1 650 8587700,,,https://www.mikesbikes.com/contact/mikes-bikes-of-palo-alto-pg50.htm,37.4160153,-122.1021544,4875092270,node,,,,,,,,,,,,,,,,,,,,,,,,,,,Mo-Fr 10:00-20:00;Sa-Su 10:00-18:00,,,,,,,,,,,,,,,,,,,,,,,,,,,,,,,,,,,,,,,,,,bicycle,,,,,,,,,,,,,,
Zoom,,santa_clara,,bikeshops,,,,,,,,37.3527057,-121.9898401,5125483290,node,,,,,,,,,,,,,,,,,,,,,,,,,,,,,,,,,,,,,,,,,,,,,,,,,,,,,,,,,,,,,,,,,,,,,bicycle,,,,,,,,,,,,,,
Trail Head Cyclery,,santa_clara,,bikeshops,,,,,,,,37.323297,-122.0289338,6003467096,node,,,,,,,,,,,,,,,,,,,,,,,,,,,,,,,,,,,,,,,,,,,,,,,,,,,,,,,,,,,,,,,,,,,,,bicycle,,,,,,,,,,,,,,
Bicycle Exchange - Silicon Valley,,santa_clara,,bikeshops,,,,+1 650-691-5989,info@bikex.org,,https://bikex.org/,37.4304319,-122.1027276,7034429446,node,BikeX;SVBE,,,,,,,,2023-12-28,,,https://www.facebook.com/bikex.org,,,,,,,yes,,,,,,Silicon Valley Bicycle Exchange,,,,,,,,,,,,,,,,yes,,,yes,,,,,,,,,,,,,,,,yes,,yes,,,,,,,bicycle,Bicycle Exchange,,,,,,Palo Alto,,,3961,94303,CA,East Bayshore Road,
Community Cycles of California,,santa_clara,,bikeshops,,,,,,,,37.3373537,-121.8876743,7235943875,node,,,,,,,,,,,,,,,,,,,,,,,,,,,"Th, Fr 12:00-19:00; Sa, Su 11:00-17:00",,,,,,,,,,,,,,,,,,,,,,,,,,,,,,,,,,,,,,,,,,bicycle,,,,,,,,,,,,,,
Good Karma Bikes,,santa_clara,,bikeshops,,,,+1-408-291-0501,,goodkarma@goodkarmabikes.org,https://www.goodkarmabikes.org/,37.3295294,-121.900816,7616349853,node,,,,,,,,,2025-01-18,,,GoodKarmaBikes,,,goodkarmabikes,,,,yes,,,,,non-profit,,,Mo off; Tu-Su 12:00-17:00,,,,,yes,,,,,,,,,yes,,,,,,,,,,yes,,,,yes,yes,,yes,yes,,,yes,,,,yes,yes,,bicycle,,,yes,no,,,San Jose,US,,82,95110,CA,South Montgomery Street,
,,santa_clara,,bikeshops,,,,,,,,37.2607699,-121.9302989,8558062832,node,,,,,,,,,,,,,,,,,,,,,,,,,,,,,,,,,,,,,,,,,,,,,,,,,,,,,,,,,,,,,,,,,,,,,bicycle,,,,,,,San Jose,,,14390,95124,CA,Union Avenue,
Sun Bike Shop,,santa_clara,,bikeshops,,,,,,,,37.3609919,-121.836176,9157479935,node,,,,,,,,,,,,,,,,,,,,,,,,,,,,,,,,,,,,,,,,,,,,,,,,,,,,,,,,,,,,,,,,,,,,,bicycle,,,,,,,San Jose,,,2646,95116,CA,Alum Rock Avenue,
Cycle Gear,,santa_clara,,bikeshops,,,,,,,https://www.cyclegear.com/stores/cycle-gear-gilroy-california-store-103,36.9999265,-121.5569073,10585433698,node,,,,,,,,,,,,,,,,,,,,,,,,,,,,,,,,,,,,,,,,,,,,,,,,,,,,,,,,,,,,,,,,,,,,,bicycle,,,,,,,Gilroy,,,6920,95020,CA,Chestnut Street,E-1
Summit Bicycles San Jose,,santa_clara,,bikeshops,,,,,,,,37.30226,-121.865438,10733385206,node,,,,,,,,,,,,,,,,,,,,,,,,,,,,,,,,,,,,,,,,,,,,,,,,,,,,,,,,,,,,,,,,,,,,,bicycle,,,,,,,San Jose,,,111,95125,CA,Curtner Avenue,80
Electric Bike Center,,santa_clara,,bikeshops,,,,,,,https://www.electricbikeca.com,37.4269402,-122.1479954,11471924912,node,,,,,,,,,2023-12-30,,,,,,,,,,,,,,,,,,,,,,,,,,,,,,,,,,,,,,,,,,,,,,,,,,,,,,,,,,,,bicycle,,,,,,,,,,2123,,,El Camino Real,
Good Karma Bikes,,santa_clara,,bikeshops,,,,,,,,37.3205923,-121.908058,12018365410,node,,,,,,,,,,,,,,,,,,,,,,,,,,,,,,,,,,,,,,,,,,,,,,,,,,,,,,,,,,,,,,,,,,,,,bicycle,,,,,,,San Jose,,,460,95126,CA,Lincoln Avenue,25
Sunshine Bicycles,,santa_clara,,bikeshops,,,,,,,,37.0137111,-121.576401,12018520980,node,,,,,,,,,,,,,,,,,,,,,,,,,,,,,,,,,,,,,,,,,,,,,,,,,,,,,,,,,,,,,,,,,,,,,bicycle,,,,,,,Gilroy,,,311,95020,CA,1st Street,
The Cruiser Shop,,santa_clara,,bikeshops,,,,+1-408-497-0079,,,https://www.thecruisershopcampbell.com/,37.2905734,-121.9407939,13201517237,node,,,,,,,,,,,,,,,,,,,,,,,,,,,,,,,,,,,,,,,,,,,,,,,,,,,,,,,,,,,,,,,,,,,,,bicycle,,,,,,,Campbell,,,499,95008,CA,Salmar Avenue,Unit D
