name,Collaborated,query_county,city,query_purpose,person_with_relationship,org_contact,org_contact_title,phone,email,contact:email,website,latitude,longitude,osm_id,osm_type,access,air_conditioning,airside,alt_name,amenity,baby_feeding,bar,books,branch,brand,brand:contact:facebook,brand:contact:instagram,brand:contact:twitter,brand:contact:youtube,brand:wikidata,building,building:levels,building:min_level,building:use,changing_table,changing_table:count,changing_table:location,check_date,check_date:opening_hours,coffee,contact:atom,contact:facebook,contact:instagram,contact:patreon,contact:pinterest,contact:rss,contact:twitter,contact:yelp,contact:youtube,craft,currency:USD,currency:XBT,description,disused,disused:website,ele,facebook,fax,fixme,game,height,image,indoor,internet_access,internet_access:fee,language:zh,level,level:ref,name:en,name:es,name:zh,note,note:opening_hours,office,official_name,old_name,opening_hours,opening_hours:covid19,opening_hours:url,operator,operator:type,operator:wikidata,paloalto_ca:id,payment:american_express,payment:apple_pay,payment:cards,payment:cash,payment:cheque,payment:credit_cards,payment:cryptocurrencies,payment:debit_cards,payment:google_pay,payment:litecoin,payment:mastercard,payment:visa,permit,redwood_city_ca:addr_id,ref,room,safety:mask:covid19,second_hand,shop,short_name,short_name:zh,smoking,source,start_date,stationery,strapline,stroller,survey:date,toilets,tourism,toys,was:shop,website:calendar,wheelchair,wheelchair:description,wikidata,wikimedia_commons,wikipedia,addr:city,addr:country,addr:door,addr:floor,addr:housenumber,addr:place,addr:postcode,addr:state,addr:street,addr:unit
Moe's Books,,alameda,,bookstores,,,,+1 510 849 2087,,,https://www.moesbooks.com/,37.8654236,-122.2589766,37060777,way,,,,,,,,,,,,,,,,retail,4,,,,,,2024-07-31,,,,,,,,,,,,,,,,,,,,,,,,,,,,,,,,,,,,,,,Mo-Su 11:00-19:00,,,,,,,,,,,,,,,,,,,,,,,,,books,,,,,,,,,,,,,,,,,,,,Berkeley,,,,2476,,94704,CA,Telegraph Avenue,
Pioneer Bookstore,,alameda,,bookstores,,,,,,,,37.6550185,-122.056159,69602836,way,,,,,,,,,,,,,,,,yes,2,,,,,,,,,,,,,,,,,,,,,,,,,,,,,,,,,,,,,,,,,,,,,,,,,,,,,,,,,,,,,,,,,,,,,,books,,,,,,,,,,,,,,,,,,,,,,,,,,,,,
Pegasus Books,,alameda,,bookstores,,,,,,,https://www.pegasusbookstore.com/,37.8431031,-122.2515425,160262695,way,,,,,,no,,,,,,,,,,retail,1,,commercial,,,,,,,,,,,,,,,,,,,,,,,,,,,,,,,,,1,,,,,,,,,Pendragon Books,Mo-Su 10:00-20:00,,,,,,,,,,,,,,,,,,,,,,,,yes,books,,,,Local knowledge,,,,,,,,,,,yes,,,,,,,,,5560,,,CA,College Avenue,
Spectator Books,,alameda,,bookstores,,,,,,,,37.8273908,-122.2517765,225171142,way,,,,,,,,,,,,,,,,yes,,,,,,,,,,,,,,,,,,,,,,,,,,,,,,,,,,,,,,,,,,,,,,,,,,,,,,,,,,,,,,,,,,,,,,,books,,,,,,,,,,,,,,,,,,,,,,,,4163,,,,Piedmont Avenue,
Books Inc.,,alameda,,bookstores,,,,+1-510-522-2226,,,,37.7636212,-122.2431041,310972963,node,,,,,,,,,,,,,,,,,,,,,,,,,,,,,,,,,,,,,,,,,,,,,,,,,,,,,,,,,,,,,,,,,,,,,,,,,,,,,,,,,,,,,,,books,,,,,,,,,,,,,,,,,,,,Alameda,,,,1344,,94501,CA,Park Street,
Rocket Reuse,,alameda,,bookstores,,,,,,,,37.7640546,-122.2432127,310973027,node,,,,,,,,,,,,,,,,,,,,,,,,,,,,,,,,,,,,,,,,,,,,,,,,,,,,,,,,,,,,,,,,,,,,,,,,,,,,,,,,,,,,,,,books,,,,,,,,,,,,,,,,,,,,,,,,,,,,,
Pegasus,,alameda,,bookstores,,,,,,,,37.8915626,-122.2784812,343610927,node,,,,Pegasus Fine Books,,,,,,,,,,,,,,,,,,,,,,,,,,,,,,,,,,,,,,,,,,,,,,,,,,,,,,,,,,Mo-Su 10:00-18:00,,,,,,,,,,,,,,,,,,,,,,,,yes,books,,,,,,,,,,,,,,,yes,,,,,Berkeley,US,,,1855,,,CA,Solano Avenue,
Barnes & Noble,,alameda,,bookstores,,,,+1-925-560-1495,,,https://www.barnesandnoble.com/,37.7058075,-121.8850607,386853188,way,,,,,,,,,,Barnes & Noble,,,,,Q795454,yes,,,,,,,,,,,,,,,,,,,,,,,,,,,,,,,,,,,,,,,,,,,,,,,,,,,,,,,,,,,,,,,,,,,,,,,books,,,,,,,,,,,,,,,,,,,,Dublin,US,,,4972,,94568,CA,Dublin Boulevard,
,,alameda,,bookstores,,,,,,,,37.811607,-122.1978799,402818448,way,,,,,,,,,,,,,,,,yes,,,,,,,,,,,,,,,,,,,,,,,gas station,,,,,,,,,,,,,,,,,,,,,,,,,,,,,,,,,,,,,,,,,,,,,,,,books,,,,,,,,,,,,,,,,,,,,,,,,2844,,,,Mountain Boulevard,
Bibliomania,,alameda,,bookstores,,,,,,,,37.8079726,-122.2698385,430883942,node,,,,,,,,,,,,,,,,,,,,,,,,,,,,,,,,,,,,,,,,,,,,,,,,,,,,,,,,,,,,,,,,,,,,,,,,,,,,,,,,,,,,,,,books,,,,,,,,,,,,,,,,,,,,,,,,,,,,,
Lakeshore Learning Store,,alameda,,bookstores,,,,,,,,37.7088288,-122.1594885,478170487,way,,,,,,,,,,,,,,,,yes,,,,,,,,,,,,,,,,,,,,,,,,,,,,,,,,,,,,,,,,,,,,,,,,,,,,,,,,,,,,,,,,,,,,,,,books,,,,,,,,,,,,,,,,,,,,,,,,1144,,,,Montague Avenue,
Pegasus Books,,alameda,,bookstores,,,,,,,,37.866518,-122.267321,514123482,node,,,,,,,,,,,,,,,,,,,,,,,2023-11-11,,,,,,,,,,,,,,,,,,,,,,,,,,,,,,,,,,,,,,,,,,,,,,,,,,,,,,,,,,,,,,,yes,books,,,,,,,,,,,,,,,,,,,,Berkeley,,,,2349,,,,Shattuck Avenue,
Half Price Books,,alameda,,bookstores,,,,+1-510-526-6080,,,https://www.hpb.com/store?storeid=HPB-037,37.871277,-122.268494,540609038,node,,,,,,,,,,Half Price Books,,,,,Q5641744,,,,,,,,2025-03-19,,,,,,,,,,,,,,,,,,,,,,,,,,,,,,,,,,,,,,,Mo-Th 11:00-20:00; Fr-Su 10:00-22:00,,,,,,,,,,,,,,,,,,,,,,,,yes,books,,,,,,,,,,,,,,,yes,,,,,Berkeley,US,,,2036,,,CA,Shattuck Avenue,
Christian Science Reading Room,,alameda,,bookstores,,,,,,,,37.5441313,-121.9462437,879122914,way,,,,,,,,religion,,Christian Science Reading Room,,,,,Q5110122,yes,,,,,,,,,,,,,,,,,,,,,,,,,,,,,,,,,,,,,,,,,,,,,,,,,,,,,,,,,,,,,,,,,,,,,,,books,,,,,,,,,,,,,,,,,,,,,,,,,,,,,
Dan Webb Books,,alameda,,bookstores,,,,,,,,37.8042334,-122.2675866,1228088207,node,,,,,,,,,,,,,,,,,,,,,,,,,,,,,,,,,,,,,,,,,,,,,,,,,,,,,,,,,,,,,,,,,,,,,,,,,,,,,,,,,,,,,,,books,,,,,,,,,,,,,,,,,,,,,,,,322,,,,15th Street,
Walden Pond Books,,alameda,,bookstores,,,,+1-510-832-4438,,,http://www.waldenpondbooks.com/,37.8129719,-122.2468114,1378031326,node,,,,,,,,,,,,,,,,,,,,,,,,,,,,,,,,,,,,,,,,,,,,,,,,,,,,,,,,,,,,,,Su-Th 10:00-21:00; Fr-Sa 10:00-22:00,,,,,,,,,,,,,,,,,,,,,,,,yes,books,,,,,,,,,,,,,,,,,,,,,,,,3316,,,,Grand Avenue,
Mrs. Dalloway's,,alameda,,bookstores,,,,,,,,37.8582139,-122.2533217,1395461505,node,,,,,,,,,,,,,,,,,,,,,,,2023-06-11,,,,,,,,,,,,,,,,,,,,,,,,,,,,,,,,,,,,,,,,,,,,,,,,,,,,,,,,,,,,,,,,books,,,,,,,,,,,,,,,yes,,,,,,,,,2904,,,,College Avenue,
Books on B,,alameda,,bookstores,,,,,,,,37.6731999,-122.0825158,1684172587,node,,,,,,,,,,,,,,,,,,,,,,,,,,,,,,,,,,,,,,,,,,,,,,,,,,,,,,,,,,,,,,Tu-Fr 10:00-18:00; Sa 09:00-17:00,,,,,,,,,,,,,,,,,,,,,,,,,books,,,,,,,,,,,,,,,,,,,,Hayward,,,,1014,,94544,CA,B Street,
Builders,,alameda,,bookstores,,,,,,,,37.8694243,-122.3003054,1798864276,node,,,,,,,,,,,,,,,,,,,,,,,,,,,,,,,,,,,,,,,,,,,,,,,,,,,,,,,,,,,,,,,,,,,,,,,,,,,,,,,,,,,,,,,books,,,,,,,,,,,,,,,,,,,,,,,,,,,,,
Barnes & Noble,,alameda,,bookstores,,,,,,,,37.8334339,-122.2927023,2266130477,node,,,,,,,,,,Barnes & Noble,,,,,Q795454,,,,,,,,,,,,,,,,,,,,,,,,,,,,,,,,,,,,,,,,,,,,,,,,,,,,,,,,,,,,,,,,,,,,,,,,books,,,,Bing,,,,,,,,,,,yes,,,,,,,,,,,,,,
Fantasy Books and Games,,alameda,,bookstores,,,,+1-925-449-5233,,,,37.6816623,-121.7681059,2615163439,node,,,,,,,,comic,,,,,,,,,,,,,,,,,,,,,,,,,,,,,,,,,,,925-449-3061,,,,,,,,,,,,,,,,,,,"We-Su 11:00-19:00;Mo, Tu 11:00-17:00",,,,,,,,,,,,,,,,,,,,,,,,,books,,,,,,,,,,,,,,,,,,,,Livermore,,,,2247,,,CA,First Street,
Half Price Books,,alameda,,bookstores,,,,,,,https://hpb.com/,37.5460492,-121.9865099,3573794989,node,,,,,,,,,,Half Price Books,,,,,Q5641744,,,,,,,,,,,,,,,,,,,,,,,,,,,,,,,,,,,,,,,,,,,,,,,Mo-Su 10:00-20:00,,,Half Price Books,,,,,,,,,,,,,,,,,,,,,yes,books,,,,,,,,,,,,,,,,,,,,Fremont,,,,39152,Fremont Hub,,CA,,
Towne Center Books,,alameda,,bookstores,,,,,,,,37.6612526,-121.8756467,3585095731,node,,,,,,,,,,,,,,,,,,,,,,,,,,,,,,,,,,,,,,,,,,,,,,,,,,,,,,,,,,,,,,,,,,,,,,,,,,,,,,,,,,,,,,,books,,,,,,,,,,,,,,,,,,,,,,,,,,,,,
Oakland Book Store,,alameda,,bookstores,,,,,,,,37.8003188,-122.2711293,3992963291,node,,,,,,,,,,,,,,,,,,,,,,,,,,,,,,,,,,,,,,,,,,,,,,,,,,,,,,,,,,,,,,,,,,,,,,,,,,,,,,,,,,,,,,,books,,,,,,,,,,,,,,,,,,,,,,,,,,,,,
Cape & Cowl Comics,,alameda,,bookstores,,,,,,,,37.8067742,-122.2728493,3999477031,node,,,,,,,,,,,,,,,,,,,,,,,,,,,,,,,,,,,,,,,,,,,,,,,,,,,,,,,,,,,,,,,,,,,,,,,,,,,,,,,,,,,,,,,books,,,,,,,,,,,,,,,,,,,,,,,,,,,,,
Clio’s Bookshop,,alameda,,bookstores,,,,,,,,37.80875,-122.255978,4049329117,node,,,,,bar,,,,,,,,,,,,,,,,,,,,,,,,,,,,,,,,,,,,,,,,,,,,,,,,,,,,,,,,Fama's African Braids,"Sa,Su 11:00-23:00; Mo-Fr 16:00-23:00",,,,,,,,,,,,,,,,,,,,,,,,,books,,,,,,,,,,,,,hairdresser,,,,,,,Oakland,,,,353,,,CA,Grand Avenue,
The Escapist,,alameda,,bookstores,,,,,,,http://www.escapistcomics.com,37.8543931,-122.2484979,4121725806,node,,,,,,,,,,,,,,,,,,,,,,,,,,,,,,,,,,,,,,,,,,,,,,,,,,,,,,,,,,,,,,,,,,,,,,,,,,,,,,,,,,,,,,,books,,,,,,,,,,,,,,,,,,,,,,,,3090,,,,Claremont Avenue,
Cal Student Store,,alameda,,bookstores,,,,,berkeley@studentstore.com,,https://calstudentstore.berkeley.edu/,37.8689179,-122.2594525,4121827486,node,,,,,,,,,,,,,,,,,,,,,,,2023-09-12,,,,,,,,,,,,,,,,,,,,,,,,,,,,,,,,,,,,,,,Mo-Sa 10:00-17:00; Su 11:00-17:00,,,,,,,,,,,,,,,,,,,,,,,,,books,,,,,,,,,,,,,,,yes,,,,,,,,,,,,,,
Bergeron's Books,,alameda,,bookstores,,,,,,,,37.8044986,-122.2689031,4320499532,node,,,,,,,,,,,,,,,,,,,,,,,,,,,,,,,,,,,,,,,,,,,,,,,,,,,,,,,,,,,,,,,,,,,,,,,,,,,,,,,,,,,,,,,books,,,,,,,,,,,,,,,,,,,,,,,,,,,,,
Half Price Books,,alameda,,bookstores,,,,+1 925 875-1942,,,http://b.hpb.com,37.7017761,-121.9326921,5199297807,node,,,,,,,,,,Half Price Books,,,,,Q5641744,,,,,,,,,,,,,,,,,,,,,,,,,,,,,,,,,,,,,,,,,,,,,,,Mo-Th 09:00-22:00; Fr-Sa 09:00-23:00; Su 10:00-21:00,,,,,,,,,,,,,,,,,,,,,,,,,books,,,,,,,,,,,,,,,,,,,,,,,,7898,,,,Dublin Boulevard,
Laney College Bookstore,,alameda,,bookstores,,,,,,,,37.7961582,-122.2629328,5567563112,node,,,,,,,,,,,,,,,,,,,,,,,,,,,,,,,,,,,,,,,,,,,,,,,,,,,,,,,,,,,,,,,,,,,,,,,,,,,,,,,,,,,,,,,books,,,,,,,,,,,,,,,,,,,,,,,,,,,,,
Black Swan Books,,alameda,,bookstores,,,,+1 510-428-2881,,,,37.8280809,-122.2499409,6056247750,node,,,,,,,,,,,,,,,,,,,,,,,2025-01-11,,,,,,,,,,,,,,,,,,,,,,,,,,,,,,,,,,,,,,,Mo-Th off; Fr-Su 12:00-18:00,,,,,,,,,,,,,,,,,,,,,,,,,books,,,,,,,,,,,,,,,,,,,,,,,,,,,,,
Angel Light Books & Gifts,,alameda,,bookstores,,,,,,,,37.8471189,-122.2709403,6112307194,node,,,,,,,,,,,,,,,,,,,,,,,,,,,,,,,,,,,,,,,,,,,,,,,,,,,,,,,,,,,,,,,,,,,,,,,,,,,,,,,,,,,,,,,books,,,,,,,,,,,,,,,,,,,,,,,,,,,,,
D. King Gallery,,alameda,,bookstores,,,,+1 510 5481062,dk@dking-gallery.com,,https://www.dking-gallery.com/,37.8681591,-122.2662139,7214741549,node,,,,,,,,,,,,,,,,,,,,,,,2023-03-18,,,,dkinggallery,dkinggallery,,,,,,,,,,,,,,,,,,,,,,,,,,,,,,,,,,"""by appointment only""",,,,,,,,,,,,,,,,,,,,,,,,,books,,,,,,,,,,,,,,,,,,,,Berkeley,,,,2284,,,CA,Fulton Street,
Fantastic Comics,,alameda,,bookstores,,,,+1-510.982.1451,,,https://fantasticcomics.net,37.8757113,-122.2736314,7560052880,node,,,,,,,,,,,,,,,,,,,,,,,,,,,,,,,,,,,,,,,,,,,,,,,,,,,,,,,,,,,,,,We-Sa 12:00-17:00,,,,,,,,,,,,,,,,,,,,,,,,,books,,,,,,,,,,,,,,,,,,,,Berkeley,US,,,1708,,94709,CA,Martin Luther King Junior Way,A
Dark Carnival,,alameda,,bookstores,,,,+1-510-654-7323,,,http://darkcarnival.com/,37.8544948,-122.248416,8048879236,node,,,,,,,,,,,,,,,,,,,,,,,,,,,,,,,,,,,,,,,,,,,,,,,,,,,,,,,,,,,,,,,,,,,,,,,,,,,,,,,,,,,,,,,books,,,,,,,,,,,,,,,,,,,,,,,,3086,,,,Claremont Avenue,
Sleepy Cat Books,,alameda,,bookstores,,,,,,,,37.8649077,-122.258292,8197268029,node,,,,,,,,,,,,,,,,,,,,,,,,,,,,,,,,,,,,,,,,,,,,,,,,,,,,,,,,,,,,,,,,,,,,,,,,,,,,,,,,,,,,,,,books,,,,,,,,,,,,,,,,,,,,,,,,,,,,,
Owl & Company Bookshop,,alameda,,bookstores,,,,,,,,37.8253489,-122.2540284,8883598803,node,,,,,,,,,,,,,,,,,,,,,,,,,,,,,,,,,,,,,,,,,,,,,,,,,,,,,,,,,,,,,,,,,,,,,,,,,,,,,,,,,,,,,,,books,,,,,,,,,,,,,,,,,,,,,,,,,,,,,
Christian Science Reading Room,,alameda,,bookstores,,,,,,,,37.8016618,-122.2725155,10563165909,node,,,,,,,,religion,,Christian Science Reading Room,,,,,Q5110122,,,,,,,,,,,,,,,,,,,,,,,,,,,,,,,,,,,,,,,,,,,,,,,,,,,,,,,,,,,,,,,,,,,,,,,,books,,,,,,,,,,,,,,,,,,,,,,,,,,,,,
East Bay Booksellers,,alameda,,bookstores,,,,,,,https://www.ebbooksellers.com/,37.8485742,-122.2520589,10728585372,node,,,,,,,,,,,,,,,,,,,,,,,2024-12-23,,,,,,,,,,,,,,,,,,,,,,,,,,,,,,,,,,new temporary location for East Bay Booksellers,,,,Berkeley Kids' Room,,,,,,,,,,,,,,,,,,,,,,,,,,books,,,,,,,,,,,,,furniture,,yes,,,,,,,,,6022,,,,College Avenue,
A Great Good Place for Books,,alameda,,bookstores,,,,,,,https://www.ggpbooks.com/,37.8264179,-122.209887,10783580946,node,,,,,,,,,,,,,,,,,,,,,,,,,,,,,,,,,,,,,,,,,,,,,,,,,,,,,,,,,,,,,,,,,,,,,,,,,,,,,,,,,,,,,,,books,,,,,,,,,,,,,,,,,,,,,,,,6120,,,,La Salle Avenue,
Marcus Books,,alameda,,bookstores,,,,,,,https://www.marcusbooks.com,37.8291493,-122.268435,10869465225,node,,,,,,,,,,,,,,,,,,,,,,,,,,,,,,,,,,,,,,,,,,,,,,,,,,,,,,,,,,,,,,,,,,,,,,,,,,,,,,,,,,,,,,,books,,,,,,,,,,,,,,,,,,,,,,,,,,,,,
Mr. Mopps' Bookstore,,alameda,,bookstores,,,,,,,http://www.mrmopps.net/,37.8813588,-122.2739341,10939302439,node,,,,,,,,,,,,,,,,,,,,,,,,,,,,,,,,,,,,,,,,,,,,,,,,,,,,,,,,,,,,,,,,,,,,,,,,,,,,,,,,,,,,,,,books,,,,,,,,,,,,,,,yes,,,,,Berkeley,US,,,,,,CA,Martin Luther King Jr Way,
Merritt College Bookstore,,alameda,,bookstores,,,,,,,https://www.merritt.edu/bookstore,37.7888486,-122.167541,11504270783,node,,,,,,,,,,,,,,,,,,,,,,,,,,,,,,,,,,,,,,,,,,,,,,,,,,,,,,,,,,,,,,,,,,,Q6820339,,,,,,,,,,,,,,,,,,,,books,,,,,,,,,,,,,,,,,Q99475510,,,,,,,,,,,,
The Bookmark Bookstore,,alameda,,bookstores,,,,+1 510-444-0473,bookmark@fopl.org,,https://www.fopl.org/the-bookmark,37.8015372,-122.2732396,11969904982,node,,,,,,,,,,,,,,,,,,,,,,,,,,,,fopl_bookmark,,,,,,,,,,,,,,,,,,,,,,,,,,,,,,,,,,We-Su 11:00-16:00,,,Friends of the Oakland Public Library,,,,,,,,,,,,,,,,,,,,,,books,,,,,,,,,,,,,,,,,,,,Oakland,,,,933,,94607,CA,Broadway,
Alameda Sports Cards & Comics,,alameda,,bookstores,,,,,,,,37.773829,-122.2769548,12321233000,node,,,,,,,,comic,,,,,,,,,,,,,,,,,,,,,,,,,,,,,,,,,,,,,,,,,,,,,,,,,,,,,,,,,,,,,,,,,,,,,,,,,,,,,,,books,,,,,,,,,,,,,,,,,,,,,,,,,,,,,
Between the Lines Bookstore,,alameda,,bookstores,,,,,,,,37.8304029,-122.2639058,12453577802,node,,,,,,,,religion,,,,,,,,,,,,,,,,,,,,,,,,,,,,,,,,,,,,,,,,,,,,,,,,,,,,,,,,,East Bay Church of Religious Science,,,,,,,,,,,,,,,,,,,,,,books,,,,,,,,,,,,,,,,,,,,,,,,,,,,,
Book Society,,alameda,,bookstores,,,,,,,https://www.booksociety.social/,37.857569,-122.2529757,12453584422,node,,,,,,,yes,,,,,,,,,,,,,,,,,,,,,,,,,,,,,,,,,,,,,,,,,,,,,,,,,,,,,,,,,,,,,,,,,,,,,,,,,,,,,,,,books,,,,,,,,,,,,,,,,,,,,,,,,,,,,,
Banter Bookshop,,alameda,,bookstores,,,,,,,https://banterbookshop.com/,37.5490087,-121.985275,12710530801,node,,,,,,,,,,,,,,,,,,,,,,,,,,,,,,,,,,,,,,,,,,,,,,,,,,,,,,,,,,,,,,Mo-Th 10:00-18:00; Fr-Sa 10:00-20:00; Su 11:00-17:00,,,,,,,,,,,,,,,,,,,,,,,,,books,,,,,,,,,,,,,,,,,,,,,,,,3768 F,,,,Capitol Avenue,
Revolution Books,,alameda,,bookstores,,,,+1 510-848-1196,,,https://revolutionbooks.org,37.8674485,-122.2595061,12717366149,node,,,,,,,,,,,,,,,,,,,,,,,,,,,,,,,,,,,,,,,,,,,,,,,,,,,,,,,,,,,,,,"Tu-Fr 12:30-19:00, Sa-Su 13:00-18:00; Mo off",,,,,,,,,,,,,,,,,,,,,,,,,books,,,,,,,,,,,,,,,,,,,,,,,,2444,,,,Durant Avenue,
Books for Friends,,alameda,,bookstores,,,,+1-510-747-7737,bff@alamedafriends.com,,https://alamedafriends.com/books-for-friends/,37.7665777,-122.2422903,12810846909,node,,yes,,,,,,,,,,,,,,,,,,,,,,,,,,,,,,,,,,,,,,,,,,,,,,,,,,0,,,,,,,,,,We 12:00-18:00; Th-Sa 12:00-16:00; PH off,,,Friends of the Alameda Library,,,,,,,,,,,,,,,,,,,,,,books,,,,,,,,,,,,,,,yes,,,,,Alameda,,,,1550,,94501,CA,Oak Street,
Womb House Books,,alameda,,bookstores,,,,,,,https://www.wombhousebooks.com/,37.8359616,-122.2618206,12865842071,node,,,,,,,,,,,,,,,,,,,,,,,,,,,,,,,,,,,,,,,,,,,,,,,,,,,,,,,,,,,,,,,,,,,,,,,,,,,,,,,,,,,,,,,books,,,,,,,,,,,,,,,,,,,,Oakland,,,,470,,,,49th Street,
Mount Analaog Books,,alameda,,bookstores,,,,,,,,37.8361469,-122.2619064,12865842074,node,,,,,,,,,,,,,,,,,,,,,,,,,,,,,,,,,,,,,,,,,,,,,,,,,,,,,,,,,,,,,,,,,,,,,,,,,,,,,,,,,,,,,,,books,,,,,,,,,,,,,,,,,,,,Oakland,,,,484,,,,49th Street,C
Friends' Store,,alameda,,bookstores,,,,,,,,37.8680992,-122.2689392,12900569264,node,,,,,,,,,,,,,,,,,,,,,,,,,,,,,,,,,,,,,,,,,,,,,,,,,,,,,1,,,,,"""Bookstore hours may vary based on volunteer availability""",,,,Mo 12:00-16:00; Tu-Sa 10:00-16:00; Su off,,,,,,,,,,,,,,,,,,,,,,,,yes,books,,,,,,,,,,,,,,,,,,,,,,,,,,,,,
Towne Center Books,,alameda,,bookstores,,,,,,,,37.6836627,-121.7678653,12978573084,node,,,,,,,,,,,,,,,,,,,,,,,,,,,,,,,,,,,,,,,,,,,,,,,,,,,,,,,,,,,,,,,,,,,,,,,,,,,,,,,,,,,,,,,books,,,,,,,,,,,,,,,,,,,,,,,,,,,,,
Barnes & Noble,,contra_costa,,bookstores,,,,+1 510 524 0087,,,https://stores.barnesandnoble.com/store/2113,37.9000629,-122.3010392,1529100850,node,,,,,,,,,,Barnes & Noble,,,,,Q795454,,,,,,,,,,,,,,,,,,,,,,,,,,,,,,,,,,,,,,,,,,,,,,,Mo-Sa 09:00-20:00; Su 10:00-20:00,,,,,,,,,,,,,,,,,,,,,,,,,books,,,,,,,,,,,,,,,yes,,,,,El Cerrito,US,,,6050,,94530,CA,El Cerrito Plaza,
Railroad Book Depot,,contra_costa,,bookstores,,,,,,,,38.0308026,-121.8843142,3536771986,node,,,,,,,,,,,,,,,,,,,,,,,,,,,,,,,,,,,,,,,,,,,,,,,,,,,,,,,,,,,,,,,,,,,,,,,,,,,,,,,,,,,,,,,books,,,,,,,,,,,,,,,,,,,,,,,,,,,,,
Rakestraw Books,,contra_costa,,bookstores,,,,+1-925-837-7337,,,https://rakestrawbooks.com/,37.8238931,-122.0038934,6429722933,node,,,,,,,,,,,,,,,,,,,,,,,,,,,,,,,,,,,,,,,,,,,,,,,,,,,,,,,,,,,,,,Mo-Fr 09:00-18:00; Sa 09:00-17:00; Su 11:00-16:00,,,,,,,,,,,,,,,,,,,,,,,,,books,,,,,,,,,,,,,,,,,,,,Danville,,,,3,,94526,CA,Railroad Avenue,
Pioneer Bookstore,,contra_costa,,bookstores,,,,,,,https://www.csueastbay.edu/concord/bookstore.html,37.9437746,-121.977105,6577938940,node,,,,,,,,,,,,,,,,,,,,,,,,,,,,,,,,,,,,,,,,,,,,,,,,,,,,,,,,,,,,,,,,,,,,,,,,,,,,,,,,,,,,,,,books,,,,,,,,,,,,,,,,,,,,,,,,,,,,,
Orinda Books,,contra_costa,,bookstores,,,,,,,,37.8834926,-122.1905239,6757736986,node,,,,,,,,,,,,,,,,,,,,,,,,,,,,,,,,,,,,,,,,,,,,,,,,,,,,,,,,,,,,,,,,,,,,,,,,,,,,,,,,,,,,,,,books,,,,,,,,,,,,,,,,,,,,Orinda,US,,,276,,94563,CA,Village Square,
Barnes & Noble,,contra_costa,,bookstores,,,,,,,,37.9710524,-122.0576278,6875728356,node,,,,,,,,,,Barnes & Noble,,,,,Q795454,,,,,,,,,,,,,,,,,,,,,,,,,,,,,,,,,,,,,,,,,,,,,,,,,,,,,,,,,,,,,,,,,,,,,,,,books,,,,,,,,,,,,,,,,,,,,,,,,,,,,,
Canneti's Bookshop,,contra_costa,,bookstores,,,,,,,,37.8788824,-122.181431,6875925384,node,,,,,,,,,,,,,,,,,,,,,,,,,,,,,,,,,,,,,,,,,,,,,,,,,,,,0,,,,,,,,,,,,,,,,,,,,,,,,,,,,,,,,,,,books,,,,,,,,,,,,,,,yes,,,,,Orinda,US,,,,,94563,CA,Moraga Way,
Barnes & Noble,,contra_costa,,bookstores,,,,,,,,37.9625339,-121.7404312,8720257869,node,,,,,,,,,,Barnes & Noble,,,,,Q795454,,,,,,,,,,,,,,,,,,,,,,,,,,,,,,,,,,,,,,,,,,,,,,,,,,,,,,,,,,,,,,,,,,,,,,,,books,,,,,,,,,,,,,,,,,,,,,,,,,,,,,
Flashlight Books,,contra_costa,,bookstores,,,,,,,https://www.flashlightbooks.com/,37.9006027,-122.0615421,9632514500,node,,,,,,,,,,,,,,,,,,,,,,,,,,,,,,,,,,,,,,,,,,,,,,,,,,,,,,,,,,,,,,,,,,,,,,,,,,,,,,,,,,,,,,,books,,,,,,,,,,,,,,,,,,,,Walnut Creek,,,,1537,,94596,CA,N Main St,
Friends of the Pleasant Hill Library Bookstore,,contra_costa,,bookstores,,,,+1-925-349-9620,,,,37.9642555,-122.062728,9903050745,node,,,,,,,,,,,,,,,,,,,,,,,,,,,,,,,,,,,,,,,,,,,,,,,,,,,,,,,,,,,,,,Mo - Su 11:00 - 5:00,,,Friends of the Pleasant Hill Library,,,,,,,yes,,yes,,,,,,,,,,,,,books,,,,,,,,,,,,,,,,,,,,Pleasant Hill,,,,955,,94523,CA,Contra Costa Boulevard,
Kingstone Books,,contra_costa,,bookstores,,,,510-527-6856,,,,37.8986282,-122.3075719,10195853707,node,,,,,,,,,,,,,,,,,,,,,,,,,,,,,,,,,,,,,,,,,,,,,,,,,no,,,,,,,,,,,,,,,,,,,,,,,,,,,,,,,,,,,,,,books,,,,,,,,,,,,,,,,,,,,Richmond,US,,,3288,,94704,CA,Pierce Street,D-108
Barnes & Noble,,contra_costa,,bookstores,,,,,,,,37.8958585,-122.061211,10697847987,node,,,,,,,,,,Barnes & Noble,,,,,Q795454,,,,,,,,,,,,,,,,,,,,,,,,,,,,,,,,,,,,,,,,,,,,,,,,,,,,,,,,,,,,,,,,,,,,,,,,books,,,,,,,,,,,,,,,,,,,,,,,,,,,,,
Half Price Books,,contra_costa,,bookstores,,,,+1-925-288-9060,,,,37.9690949,-122.0566118,11598852134,node,,,,,,,,,,Half Price Books,,,,,Q5641744,,,,,,,,,,,,,,,,,,,,,,,,,,,,,,,,,,,,,,,,,,,,,,,Mo-Su 10:00-20:00,,,,,,,,,,,,,,,,,,,,,,,,,books,,,,,,,,,,,,,,,,,,,,Concord,,,,1975,,94520,CA,Diamond Blvd,
Reasonable Books,,contra_costa,,bookstores,,,,,,,,37.8904015,-122.1265924,12878460169,node,,,,,,,,,,,,,,,,,,,,,,,,,,,,,,,,,,,,,,,,,,,,,,,,,,,,,,,,,,,,,,,,,,,,,,,,,,,,,,,,,,,,,,,books,,,,,,,,,,,,,,,,,,,,,,,,,,,,,
City Lights Booksellers,,san_francisco,,bookstores,,,,+1 415 3628193,staff@citylights.com,,https://citylights.com/bookstore/,37.7977229,-122.4066741,32858754,way,,,,,,,,,,,,,,,,yes,,,,,,,2025-09-05,,,,CityLightsBooks,citylightsbooks,,,,CityLightsBooks,,https://www.youtube.com/user/CityLightsBooks,,,,,,,,,,,,9,,,,,,,,City Lights Booksellers,,,,,,,,Mo-Su 12:00-20:00,,https://citylights.com/bookstore/,,,,,,,,,,,,,,,,,,,,,,,books,,,,,,,,,,,attraction,,,,limited,Entrance wheelchair accessible but most areas have steps,Q2394278,Category:City Lights Booksellers,en:City Lights Bookstore,San Francisco,,,,261,,94133,CA,Columbus Avenue,
Bird and Beckett,,san_francisco,,bookstores,,,,,,,,37.7344611,-122.4330048,197626871,way,,,,,,,,,,,,,,,,yes,,,,,,,,,,,,,,,,,,,,,,,,,,,,,,7,,,,,,,,,,,,,,,,Tu-Su 12:00-18:00,,,,,,,,,,,,,,,,,,,,,,,,,books,,,,,,,,,,,,,,,,,,,,,,,,653,,,,Chenery Street,
Kayo Books,,san_francisco,,bookstores,,,,,,,,37.7870405,-122.416849,259965510,way,,,,,,,,,,,,,,,,yes,1,,,,,,2024-09-22,,,,,,,,,,,,,,,,,,,,,,,,,,,,,,,,,,,,,,,,,,,,,,,,,,,,,,,,,,,,,,,,books,,,,,,,,,,,,,,,,,,,,,,,,907,,,,Post Street,
Bolerium Books,,san_francisco,,bookstores,,,,,,,,37.7628118,-122.4189452,260345813,way,,,,,,,,,,,,,,,,yes,,,,,,,,,,,,,,,,,,,,,,,,,,,,,,12,,,,,,,,,,,,,,,,,,,,,,,,,,,,,,,,,,,,,,,,,books,,,,Bing,,,,,,,,,,,,,,,,San Francisco,,,,2141,,94110,,Mission Street,#300
Black Bird Book Store,,san_francisco,,bookstores,,,,,,,https://www.blackbirdbooksf.com/,37.7621558,-122.5067273,277830597,way,,,,,,,,,,,,,,,,yes,,,,no,,,2024-11-30,2024-11-30,yes,,,,,,,,,,,,,,,,,,,,,6,,,,,,,,,,,,,,,,Mo-Su 09:00-19:00,,,,,,,,,,yes,,yes,,yes,,,,,,,,,,no,books,,,,,,,,,,,,,,,yes,,,,,San Francisco,US,,,4541,,94122,CA,Irving Street,
Telegraph Hill Books,,san_francisco,,bookstores,,,,+1 628 2551998,info@telegraphhillbooks.com,,https://telegraphhillbooks.com/,37.8007601,-122.4077296,366705487,node,,,,,,,,,,,,,,,,,,,,,,,,,,,Telegraph.Hill.Books,telhibooks,,,,TelHiBooks,,,,,,,,,,,,,,,,,,,,,,,,,,,,,,Mo-Sa 10:00-17:00; Su off,,https://telegraphhillbooks.com/,,,,,,,,,,,,,,,,,,,,,,,books,,,,,,,,,,,,,,,,,,,,San Francisco,,,,1501,,94133,CA,Grant Avenue,
Kayo Books,,san_francisco,,bookstores,,,,+1 415 7490554,kayo@kayobooks.com,,https://kayobooks.com/,37.7875285,-122.4153479,429631343,node,,,,,,,,,,,,,,,,,,,,,,,,,,,,,,,,,,,,,,,,,,,,,,,,,,,,,,,,,,,,,,"""by appointment or happenstance""",,,,,,,,,,,,,,,,,,,,,,,,,books,,,,survey,,,,,,,,,,,yes,,,,,San Francisco,,,,814,,94109,CA,Post Street,
West Portal Bookstore,,san_francisco,,bookstores,,,,,,,,37.7401084,-122.4668511,638752551,node,,,,,,,,,,,,,,,,,,,,,,,,,,,,,,,,,,,,,,,,,108.0330811,,,,,,,,,,,,,,,,,,,,,,,,,,,,,,,,,,,,,,,,,,,,,,books,,,,,,,,,,,,,,,,,,,,San Francisco,US,,,80,,94127,CA,West Portal Avenue,
Louie Brothers Book Store,,san_francisco,,bookstores,,,,,,,,37.7952434,-122.4062874,806236999,node,,,,,,,,,,,,,,,,,,,,,,,,,,,,,,,,,,,,,,,,,,,,,,,,,,,,,,,,,,,,,,,,,,,,,,,,,,,,,,,,,,,,,,,books,,,,,,,,,,,,,,,,,,,,,,,,,,,,,
Book Passage,,san_francisco,,bookstores,,,,,,,,37.7958248,-122.3933621,1189071463,way,,,,,,,,,,,,,,,,,,,,,,,2025-03-02,,,,,,,,,,,,,,,,,,,,,,,,,room,,,,0,,,,,,,,,,Mo-Fr 10:00-17:00; Sa 09:00-17:00; Su 11:00-17:00,,,,,,,,,,,,,,,,,,,,,,,,,books,,,,,,,,,,,,,,,limited,,,,,,,,,,,,,,
Chronicle Books,,san_francisco,,bookstores,,,,,,,,37.7809642,-122.3912211,1282135989,node,,,,,,,,,,,,,,,,,,,,,,,,,,,,,,,,,,,,,,,,,,,,,,,,,,,,,,,,,,,,,,,,,,,,,,,,,,,,,,,,,,,,,,,books,,,,,,,,,,,,,,,,,,,,,,,,680,,,,2nd Street,
34 Trinity Arts & News,,san_francisco,,bookstores,,,,,info@34trinity.com,,,37.7906786,-122.4026294,1640211020,node,,,,,,,,,,,,,,,,,,,,,,,2023-06-30,,,,,,,,,,,,,,,Art space and bookstore,,https://www.34trinity.com/,,,,,,,,,,,,,,,,,,,,,G.F. Wilkinson Books,"Mo-Fr 12:00-15:00 ""weather permitting""",,,,,,,,,,,,,,,,,,,,,,,,,books,,,,,,,,,,,,,,,,,,,,,,,,34,,,,Trinity Place,
Green Apple Books,,san_francisco,,bookstores,,,,+1 415 3872272,,,https://www.greenapplebooks.com/,37.7830708,-122.464706,1819811589,node,,,,,,,,,,,,,,,,,,,,,,,2025-04-02,,,,Green.Apple.Books.and.Music,greenapplebooks,,greenapplebooks,,GreenAppleBooks,,https://www.youtube.com/user/GreenAppleBooks,,,no,,,,,,,,,,,,,,,,,,,,,,,,,Mo-Su 10:00-21:00,,https://www.greenapplebooks.com/,,,,,,,,,,,,,,no,,,,,,,,,books,,,,,,,,,2022-11-09,,,,,,yes,,Q5602289,,en:Green Apple Books & Music,San Francisco,,,,506,,94118,CA,Clement Street,
Borderlands Books,,san_francisco,,bookstores,,,,,,,,37.7696311,-122.4508982,2292493555,node,,,,,,,,,,,,,,,,,,,,,,,2025-08-23,,,,,,,,,,,,,,,,,,,,,,,,,,,,,0,,,,,,,,,,11:00-18:00,,,,,,,,,,,,,,,,,,,,,,,,yes,books,,,,survey,2015,,,,,,,,,,yes,,,,,,,,,1740,,94117,,Haight Street,
Whatever,,san_francisco,,bookstores,,,,+1-415-861-9428,,,https://www.whateverstoreonline.com/,37.7600854,-122.4351156,2321299128,node,,,,,,,,,,,,,,,,,,,,,,,,,,,,,,,,,,,,,,,,,,,,,,,,,,,,,,,,,,,,,,,,,,,,,,,,,,,,,,,,,,,,,,,books,,,,,,,,,,,,,,,,,,,,,,,,548,,94114,,Castro Street,
SFSU Bookstore,,san_francisco,,bookstores,,,,,,,,37.722584,-122.4784226,2713443542,node,,,,,,,,,,,,,,,,,,,,,,,,,,,,,,,,,,,,,,,,,,,,,,,,,,,,,,,,,,,,,,,,,,,,,,,,,,,,,,,,,,,,,,,books,,,,,,,,,,,,,,,,,,,,San Francisco,,,,1600,,,,Holloway Avenue,
Green Apple Books on the Park,,san_francisco,,bookstores,,,,+1-415-742-5833,,,https://greenapplebooks.com/,37.7653607,-122.466592,3277678658,node,,,,,,,,,,,,,,,,,,,,,,,2025-10-14,,,,,,,,,,,,,,no,,,,,,,,,,,,,,,0,,,,,,,,,,,,,,,,,,,,,,,,,,,,,,,,,,yes,books,,,,,,,,,2022-11-09,,,,,,yes,,,,,San Francisco,,,,1231,,94122,CA,9th Avenue,
Books Inc.,,san_francisco,,bookstores,,,,415-931-3633,,,https://www.booksinc.net/SFMarina,37.8001974,-122.4403588,3379996810,node,,,,,,,,,,,,,,,,,,,,,,,,,,,,,,,,,,,,,,,,,,,,,,,,,,,,,,,,,,,,,,Mo-Sa 9:00-22:00;Su 9:00-21:00,,,,,,,,,,,,,,,,,,,,,,,,,books,,,,,,,,,,,,,,,,,,,,,,,,,,,,,
Omnivore: Books on Food,,san_francisco,,bookstores,,,,,,,https://omnivorebooks.com/,37.7476342,-122.4267905,3454181858,node,,,,,,,,,,,,,,,,,,,,,,,,,,,,,,,,,,,,,,,,,,,,,,,,,,,,,,,,,,,,,,Mo-Sa 11:00-18:00; Su 12:00-17:00,,,,,,,,,,,,,,,,,,,,,,,,,books,,,,,,,,,,,,,,,,,,,,San Francisco,,,,3885A,,94131,,Cesar Chavez Street,
Amazing Fantasy,,san_francisco,,bookstores,,,,,,,http://www.amazingfantasy.com/,37.7642429,-122.4650386,3522863338,node,,,,,,,,comic,,,,,,,,,,,,,,,2025-02-05,,,,,,,,,,,,,,,,,,,,,,,,,,,,,0,,,,,,,,,,,,,,,,,,,,,,,,,,,,,,,,,,,books,,,,,,,,,,,,,,,yes,,,,,San Francisco,US,,,650,,94122,CA,Irving Street,
Two Cats,,san_francisco,,bookstores,,,,,,,,37.7377555,-122.4696043,3542720510,node,,,,,,,,comic,,,,,,,,,,,,,,,,,,,,,,,,,,,,,,,,,,,,,,,,,,,,,,,,,,,,,,,,,,,,,,,,,,,,,,,,,,,,,,,books,,,,,,,,,,,,,,,,,,,,San Francisco,US,,,320,,94127,CA,West Portal Avenue,
Globus Books,,san_francisco,,bookstores,,,,,,,,37.7774286,-122.4624807,3802986675,node,,,,,,,,,,,,,,,,,,,,,,,2024-06-28,,,,,,,,,,,,,,,,,,,,,,,,,,,,,,,,,,,,,,,,,,,,,,,,,,,,,,,,,,,,,,,,books,,,,,,,,,,,,,,,,,,,,San Francisco,US,,,332,,94118,CA,Balboa Street,
Isotope - The Comic Book Lounge,,san_francisco,,bookstores,,,,+1-415-621-6543,,,http://isotopecomics.com/,37.7760254,-122.4232007,3873879804,node,,,,,,,,comic,,,,,,,,,,,,,,,2023-03-07,,,,,,,,,,,,,,,,,,,,,,,,,,,,,,,,,,,,,,,,,,,,,,,,,,,,,,,,,,,,,,,,books,,,,,,,,,,,,,,,,,,,,,,,,326,,,,Fell Street,
Comix Experience,,san_francisco,,bookstores,,,,+1 415-863-9258,,,https://www.comixexperience.com/,37.7723937,-122.437438,3931486659,node,,,,,,,,comic,,,,,,,,,,,,,,,2024-10-21,,,,,,,,,,,,,,,,,,,,,,,,,,,,,,,,,,,,,,,"Mo,Tu 11:00-18:00; We,Sa 10:00-19:00; Th,Fr,Su 11:00-18:00",,,,,,,,,,,,,,,,,,,,,,,,,books,,,,,,,,,,,,,,,yes,,,,,San Francisco,,,,305,,94117,CA,Divisadero Street,
CCSF Mission Campus Book Store,,san_francisco,,bookstores,,,,,,,,37.7550761,-122.420004,3942453842,node,,,,,,,,,,,,,,,,,,,,,,,,,,,,,,,,,,,,,,,,,,,,,,,,,,,,,,,,,,,,,,,,,City College of San Francisco,,,,,,,,,,,,,,,,,,,,,,books,,,,,,,,,,,,,,,yes,,,,,San Francisco,,,,1125,,94110,CA,Valencia Street,
CCSF North Beach / Chinatown Bookstore,,san_francisco,,bookstores,,,,,,,,37.7956449,-122.4048543,3960449884,node,,,,,,,,,,,,,,,,,,,,,,,,,,,,,,,,,,,,,,,,,,,,,,,,,,,,,,,,,,,,,,,,,City College of San Francisco (CCSF),,,,,,,,,,,,,,,,,,,,,,books,,,,,,,,,,,,,,,,,,,,,,,,,,,,,
gogo Music & Books,,san_francisco,,bookstores,,,,,,,,37.7959778,-122.4064057,4055481599,node,,,,,,,,,,,,,,,,,,,,,,,,,,,,,,,,,,,,,,,,,,,,,,,,,,,,,,,,,,,,,,,,,,,,,,,,,,,,,,,,,,,,,,,books,,,,,,,,,,,,,,,,,,,,,,,,,,,,,
Books Inc.,,san_francisco,,bookstores,,,,+1 415-221-3666,,,https://www.booksinc.net/,37.7864243,-122.4518018,4085027890,node,,,,,,,,,,,,,,,,,,,,,,,,,,,,,,,,,,,,,,,,,,,,,,,,,,,,,,,,,,,,,,Mo-Fr 09:00-18:30; Sa-Su 09:00-19:00,,,,,,,,,,,,,,,,,,,,,,,,,books,,,,,,,,,,,,,,,,,,,,San Francisco,,,,3515,,94118,CA,California Street,
Sino American Books & Arts,,san_francisco,,bookstores,,,,,,,,37.7958496,-122.4075164,4106815504,node,,,,,,,,,,,,,,,,,,,,,,,,,,,,,,,,,,,,,,,,,,,,,,,,,,,,,,,,,,,,,,,,,,,,,,,,,,,,,,,,,,,,,,,books,,,,,,,,,,,,,,,,,,,,,,,,751,,,,Jackson Street,
William Stout Architectural Books,,san_francisco,,bookstores,,,,+1 415 391 6757,,,https://stoutbooks.com/,37.7966116,-122.4034029,4186798027,node,,,,,,,,,,,,,,,,,,,,,,,,,,,,,,,,,,,,,,,,,,,,,,,,,,,,,,,,,,,,,,Mo-Sa 12:30-17:30,,,,,,,,,,,,,,,,,,,,,,,,,books,,,,,,,,,,,,,,,no,,,,,San Francisco,,,,804,,94133,CA,Montgomery Street,
Harvest Books & Gifts,,san_francisco,,bookstores,,,,,,,,37.7540943,-122.4770986,4199804694,node,,,,,,,,,,,,,,,,,,,,,,,2025-10-08,,,,,,,,,,,,,,,,,,,,,,,,,,,,,,,,,,,,,,,,,,,,,,,,,,,,,,,,,,,,,,,,books,,,,,,,,,,,,,,,,,,,,San Francisco,,,,1237,,94122,CA,Noriega Street,
Mission Comics and Art,,san_francisco,,bookstores,,,,,,,,37.7609903,-122.4194769,4241975787,node,,,,,,,,,,,,,,,,,,,,,,,2025-06-10,,,,,,,,,,,,,,,,,,,,,,,,,,wlan,customers,,,,,,,,,,,,,,,,,,,,,,yes,,yes,,yes,,,,,,,,,,,books,,,,,,,,,,,,,,,,,,,,,,,,2250,,,,Mission Street,
Bound Together Anarchist Bookstore,,san_francisco,,bookstores,,,,+1-415-431-8355,,,https://boundtogether.org/,37.7701942,-122.444747,4346343442,node,,,,,,,,anarchism,,,,,,,,,,,,,,,,,,http://boundtogetherbookssf.github.io,https://www.facebook.com/BoundTogetherBooks/,,,,https://boundtogetherbooks.wordpress.com/feed/,,bound-together-anarchist-collective-bookstore-san-francisco,,,,,,,,,,,,,,https://web.archive.org/web/20161212220101/https://s3-media1.fl.yelpcdn.com/bphoto/B_8rwmnCkSeqlPkqmTTxEw/o.jpg,,,,,,,,,,,,,,,Mo-Su 11:30-19:30,,,,community,,,,,,,,,,,,,,,,,,,,,books,,,,,1976,,,,,,,,,,limited,,Q27991106,,en:Bound Together,,,,,,,,,,
Kinokuniya,,san_francisco,,bookstores,,,,+1 415-567-7625,san_francisco@kinokuniya.com,,https://usa.kinokuniya.com/stores-kinokuniya-san-francisco,37.7849097,-122.4316446,4414004589,node,,,,,,,,comic;children;textbook,,Kinokuniya,KinokuniyaUSA,kinokuniyausa,KinokuniyaUSA,https://www.youtube.com/channel/UCWzDankObAC1UcrZVyQm0Dw,Q703227,,,,,,,,,,,,,,,,,,,,,,,,,,,,+1 415-567-4109,,,,,,,,,0;1,,,,,,,,,,Mo-Su 10:30-20:00,,https://usa.kinokuniya.com/stores-kinokuniya-san-francisco,,,,,,,,,,,,,,,,,,,,,,,books,,,,,,,,,,,,,,,,,,,,San Francisco,,,,1581,,94115,CA,Webster Street,
Books Inc.,,san_francisco,,bookstores,,,,415-776-1111,,,https://www.booksinc.net/SFOpera,37.78162,-122.420827,4567543892,node,,,,,,,,,,,,,,,,,,,,,,,2024-06-02,2024-06-02,,,,,,,,,,,,,,,,,,,,,,,,,,,,,,Books Inc.,,,,,,,,Mo-Su 11:00-18:00,,,,,,,,,,,,,,,,,,,,,,,,,books,,,,,,,,,,,,,,,,,,,,San Francisco,,,,601,,94107,CA,Van Ness Avenue,
Juicy News SF,,san_francisco,,bookstores,,,,,,,,37.7970587,-122.4350421,4567543893,node,,,,,,,,,,,,,,,,,,,,,,,,,,,,,,,,,,,,,,,,,,,,,,,,,,,,,,Juicy News SF,,,,,,,,,,,,,,,,,,,,,,,,,,,,,,,,,books,,,,,,,,,,,,,,,,,,,,,,,,2181,,,,Union Street,
Chronicle Books,,san_francisco,,bookstores,,,,,,,,37.7979091,-122.4297634,4567603391,node,,,,,,,,,,,,,,,,,,,,,,,,,,,,,,,,,,,,,,,,,,,,,,,,,,,,,,Chronicle books,,,,,,,,,,,,,,,,,,,,,,,,,,,,,,,,,books,,,,,,,,,,,,,,,,,,,,,,,,1846,,,,Union Street,
Christopher's Books,,san_francisco,,bookstores,,,,+1 415-255-8802,,,https://christophersbooks.com/,37.7626798,-122.3967027,5538811235,node,,,,,,,,,,,,,,,,,,,,,,,,,,,,,,,,,,,,,,,,,,,,,,,,,,,,,,,,,,,,,,Mo-Su 10:00-21:00; PH closed,,,,,,,,,,,,,,,,,,,,,,,,no,books,,,,,,,,,,,,,,,,,,,,San Francisco,,,,1400,,94107,CA,18th Street,
Adobe Books and Arts Cooperative,,san_francisco,,bookstores,,,,+1 415 8643936,adobesf@gmail.com,,http://www.adobebooks.com/,37.7525786,-122.4148076,6032494975,node,,,,,,,,,,,,,,,,,,,,,,,,,,,adobebooks,adobebookshop,,,,,,,,,,"Cooperatively run, community oriented used book store with an art gallery in the back and regular literary, music and art events.",,,,,,,,,,,,,,,,,,,,,,,,Mo-Su 12:00-19:00,,https://www.adobebooks.com/,,,,,,,,,,,,,,,,,,,,,,,books,,,,,,,,,,,gallery,,,http://www.adobebooks.com/events,,,,,,San Francisco,,,,3130,,94110,CA,24th Street,
Fabulosa Books,,san_francisco,,bookstores,,,,+1 415 658 7015,,,https://www.fabulosabooks.com/,37.7611148,-122.4349108,6426948686,node,,,,,,,,,,,,,,,,,,,,,,,2024-10-21,,,,,,,,,,,,,,,,,,,,,,,,,,,,,,,,,,,,,,,"Mo-Su 10:00-20:00 ""or 9ish""",,,,,,,,,,,,,,,,,,,,,,,,,books,,,,,,,,,,,,,,,,,,,,,,,,489,,94114,,Castro Street,
Libreria Pino,,san_francisco,,bookstores,,,,,,,,37.8006652,-122.4083413,6598000073,node,,,,,,,,,,,,,,,,,,,,,,,,,,,,,,,,,,,,,,,,,,,,,,,,,,,,,,,,,,,,,,Mo-Sa 10:00-18:00,,,,,,,,,,,,,,,,,,,,,,,,,books,,,,,,,,,,,,,,,,,,,,San Francisco,,,,548,,94133,CA,Union Street,
Browser Books,,san_francisco,,bookstores,,,,+1 415 5678027,jordan@greenapplebooks.com,,https://www.greenapplebooks.com/,37.7896423,-122.4341538,6598019730,node,,,,,,,,,,,,,,,,,,,,,,,2025-09-09,,,,,,,,,,,,,,,,,,,,,,,,,,,,,0,,,,,,,,,,Mo-Su 10:00-20:00,,https://www.greenapplebooks.com/locations-directions,,,,,,,,,,,,,,,,,,,,,,,books,,,,,,,,,,,,,,,yes,,,,,San Francisco,,,,2195,,94115,CA,Fillmore Street,
Friends Bookstore,,san_francisco,,bookstores,,,,,,,,37.7789102,-122.4156433,6604085446,node,,,,,,,,,,,,,,,,,,,,,,,,,,,,,,,,,,,,,,,,,,,,,,,,area,,,,1,,,,,,,,,,,,,,,,,,,,,,,,,,,,,,,,,,only,books,,,,,,,,,,,,,,,,,,,,,,,,,,,,,
The Booksmith,,san_francisco,,bookstores,,,,,,,https://www.booksmith.com/,37.769337,-122.4512609,6780093118,node,,,,,,,,,,,,,,,,,,,,,,,2025-08-23,,,,,,,,,,,,,,,,,,,,,,,,,,,,,0,,,,,,,,,,11:00-19:00,,,,,,,,,,,,,,,,,,,,,,,,,books,,,,,,,,,,,,,,,yes,,,,,,,,,1727,,,,Haight Street,
Dog Eared Books,,san_francisco,,bookstores,,,,+1 415 282 1901,,,https://www.dogearedbooks.com/,37.7583887,-122.421416,6780338385,node,,,,,,,,,,,,,,,,,,,,,,,,2024-09-26,,,,,,,,,,,,,,,,,,,,,,,,,,,,,,,,,,,,,,10:00-22:00,,,,,,,yes,,,,,,,,,,yes,yes,,,,,,yes,books,,,,,,,,limited,,,,,,,limited,,,,,San Francisco,,,,900,,94110,CA,Valencia Street,
Forest Books,,san_francisco,,bookstores,,,,+1 415 5638302,zenbooks@earthlink.net,,https://forestbookssf.com/,37.78626,-122.4298254,8957596837,node,,,,,,,,,,,,,,,,,,,,,,,,,,,forestbookssf,forestbookssf,,,,,,,,,,,,,,,,,,,,,,,,,,,,,,,,,,Mo-Su 12:00-20:00,,,,,,,,,,,,,,,,,,,,,,,,,books,,,,,,,,,,,,,,,,,,,,San Francisco,,,,1748,,,CA,Buchanan Street,
Argonaut Book Shop,,san_francisco,,bookstores,,,,+1 415 4749067,r_haines@pacbell.net,,https://argonautbookshop.com/,37.7887423,-122.4133163,9397929868,node,,,,,,,,,,,,,,,,,,,,,,,2023-02-20,,,,,,,,,,,,,,,,,,,,,,,,,,,,,,,,,,,,,,,"""by appointment""",,,,,,,,,,,,,,,,,,,,,,,,,books,,,,,,,,,,,,,,,yes,,,,,,,,,786,,,,Sutter Street,
Russian Hill Bookstore,,san_francisco,,bookstores,,,,,,,,37.7966842,-122.4217755,9696861040,node,,,,,,,,,,,,,,,,,,,,,,,,,,,,,,,,,,,,,,,,,,,,,,,,,,,,,,,,,,,,,,Mo-Su 10:00-20:00,,,,,,,,,,,,,,,,,,,,,,,,,books,,,,,,,,,,,,,,,,,,,,San Francisco,,,,2162,,,CA,Polk Street,
Sour Cherry Comics,,san_francisco,,bookstores,,,,,,,https://www.sourcherrycomics.com/,37.7646875,-122.4237871,9958553993,node,,,,,,,,comic,,,,,,,,,,,,,,,2022-08-17,,,,sourcherrycomics,sourcherrycomics,https://www.patreon.com/sourcherrycomics,,,sourcherrycomix,,,,,,,,,,,,position_estimated,,,,,,,,,,,,,,,,,,Mo 11:00-15:00; Tu 16:00-20:00; We-Sa 11:00-20:00; Su 12:00-18:00,,https://www.sourcherrycomics.com/,,,,,,,,,,,,,,,,,,,,,,,books,,,,,,,,,,,,,,https://www.sourcherrycomics.com/category/events/,no,,,,,San Francisco,,,,3187,,94103,CA,16th Street,
,,san_francisco,,bookstores,,,,,,,,37.7854767,-122.4220711,10005639577,node,,,,,,,,,,,,,,,,,,,,,,,,,,,,,,,,,,,,,,,,,,,,,,,,,,,,,,,,,,,,,,,,,,,,,,,,,,,,,,,,,,,,,,,books,,,,,,,,,,,,,,,,,,,,,,,,,,,,,
Medicine for Nightmares,,san_francisco,,bookstores,,,,,,,,37.7527054,-122.4126904,10650803521,node,,,,,,,,,,,,,,,,,,,,,,,2025-02-03,,,,,,,,,,,,,,,,,,,,,,,,,,,,,,,,Medicina para Pesadillas,,,,,,,Mo 12:30-21:00; Tu-Th 12:30-22:00; Fr 12:30-23:00; Sa 12:00-23:00; Su 12:00-21:00,,,,,,,,,,,,,,,,,yes,yes,,,,,,,books,,,,,,,,,,,,,,,,,,,,,,,,3036,,,,24th Street,
Used Book & Media Store,,san_francisco,,bookstores,,,,,,,,37.7216463,-122.4782962,10789049090,node,,,,,,,,,,,,,,,,,,,,,,,2023-04-05,,,,,,,,,,,,,,,,,,,,,,,,,,no,,,1,,,,,,,,,,Mo-Th 11:00-17:00; Fr 11:00-15:00; Sa-Su off,,,,,,,,,,,,,,,,,,,,,,,,only,books,,,,,,,,,,,,,,,,,,,,,,120A,1,,,,,,
Garden Bookstore,,san_francisco,,bookstores,,,,,,,,37.7671605,-122.4670189,10832358131,node,,,,,,,,,,,,,,,,,,,,,,,2023-04-22,,,,,,,,,,,,,,,,,,,,,,,,,,,,,,,,,,,,,,,10:00-16:00; PH off,,,,,,,,,,,,,,,,,,,,,,,,,books,,,,,,,,limited,,,,,,,limited,,,,,,,,,,,,,,
Holy Virgin Cathedral Bookstore,,san_francisco,,bookstores,,,,,,,https://hvcbookstore.com,37.7802869,-122.4860196,11065812183,node,,,,,,,,,,,,,,,,,,,,,,,2024-05-26,,,,,,,,,,,,,,,,,,,,,,,,,,,,,1,,,,,,,,,,"Mo-Tu,Th-Fr 11:00-14:00,14:30-17:00; We off; Sa 11:00-15:00; Su 11:30-14:00",,,,,,,,,,,,yes,,,,,,,,,,,,,books,,,,,,,,,,,,,,,no,,,,,,,,,6200,,,,Geary Boulevard,
Unbound Bookstore 格外书店,,san_francisco,,bookstores,,,,,,,https://www.instagram.com/unbound.bookstore/,37.7938742,-122.4066579,12259504142,node,,,,,,,,chinese;literature;social_science,,,,,,,,,,,,,,,,,,,,,,,,,,,,,,An independent Chinese Bookstore and a neighborhood cafe.,,,,,,,,,,,yes,,,,,,,,,,,,,,,,,,,,,yes,,yes,,yes,yes,,yes,,yes,yes,,,,,,,books,,,,,,,,,,yes,,,,,yes,,,,,San Francisco,,,,38,,94108,CA,Waverly Place,
Libreria Palabra de Dios,,san_francisco,,bookstores,,,,,,,,37.7511307,-122.4185924,12522217338,node,,,,,,,,,,,,,,,,,,,,,,,2025-02-27,2025-02-27,,,,,,,,,,,,,,,,,,,,,,,,,,,,,,,,,,,,,,Mo-Sa 10:00-18:00,,,,,,,,,,,,,,,,,,,,,,,,,books,,,,,,,,,,,,,,,,,,,,,,,,,,,,,
Silver Sprocket,,san_francisco,,bookstores,,,,+1 628-280-8436,,,https://silversprocket.net,37.7565632,-122.421261,12677607213,node,,,,,,,,comic,,,,,,,,,,,,,,,2025-03-18,,,,,,,,,,,,,,,,,,,,,,,,,,,,,,,,,,,,,,,"Mo,We-Th 12:00-19:00; Tu off; Fr 12:00-20:00; Sa 11:00-20:00; Su 11:00-19:00",,,,,,,,,,,,,,,,,,,,,,,,,books,,,,,,,,,,,,,,,,,,,,,,,,1018,,,,Valencia Street,
Green Apple Books,,san_francisco,,bookstores,,,,,,,,37.7944589,-122.3992039,13191190420,node,,,,,,,,,,,,,,,,,,,,,,,2025-10-03,,,,,,,,,,,,,,,,,,,,,,,,,,,,,0,,,,,A tiny popup inside Devil's Teeth,,,,,,,,,,,,,,,,,,,,,,,,,,,,,,books,,,,,,,,,,,,,,,,,,,,,,,,,,,,,
Barnes & Noble,,san_mateo,,bookstores,,,,,,,www.bn.com,37.5362531,-122.297237,297833193,node,,,,,,,,,,Barnes & Noble,,,,,Q795454,,,,,,,,,,,,,,,,,,,,,,,,,,,,,,,,,,,,,,,,,,,,,,,,,,,,,,,,,,,,,,,,,,,,,,,,books,,,,,,,,,,,,,,,,,,,,,,,,11,,94002,,West Hillsdale Boulevard,
Barnes & Noble,,san_mateo,,bookstores,,,,+1-650-299-0117,,,https://www.barnesandnoble.com/,37.4840683,-122.2317426,394942776,node,,,,,,,,,,Barnes & Noble,,,,,Q795454,,,,,,,,,,,,,,,,,,,,,,,,,,,,,,,,,,,,,,,,,,,,,,,,,,,,,,,,,,,,,,,,,,,,,,,,books,,,,,,,,,,,,,,,yes,,,,,Redwood City,,,,1091,,94063,,El Camino Real,
Barnes & Noble,,san_mateo,,bookstores,,,,,,,,37.6358235,-122.418948,983587684,node,,,,,,,,,,Barnes & Noble,,,,,Q795454,,,,,,,,,,,,,,,,,,,,,,,,,,,,,,,,,,,,,,,,,,,,,,,,,,,,,,,,,,,,,,,,,,,,,,,,books,,,,,,,,,,,,,,,,,,,,,,,,,,,,,
Compass Books,,san_mateo,,bookstores,,,,,,,https://www.booksinc.net/compassSFO,37.61715,-122.3826585,1167439469,way,,,,,,,,,,,,,,,,,,,,,,,2025-06-14,,,,,,,,,,,,,,,,,,,,,,,,,room,,,,1,,,,,,,,,,Mo-Su 06:00-22:00,,,,,,,,,,,,,,,,,,,,,,,,,books,,,,,,,,,,,,,,,yes,,,,,,,,,,,,,,
Compass Books,,san_mateo,,bookstores,,,,,,,,37.618644,-122.3869185,1295095262,way,,,yes,,,,,,,,,,,,,,,,,,,,2024-06-20,,,,,,,,,,,,,,,,,,,,,,,,,room,,,,1,,,,,,,,,,,,,,,,,,,,,,,,,,,,,,,,,,,books,,,,,,,,,,,,,,,,,,,,,,,,,,,CA,,
Green Apple Books,,san_mateo,,bookstores,,,,,,,,37.6141888,-122.3852556,1295095340,way,,,,,,,,,,,,,,,,,,,,,,,,,,,,,,,,,,,,,,,,,,,,,,,,room,,,,1,,,,,,,,,,,,,,,,,,,,,,,,,,,,,,,,,,,books,,,,,,,,,,,,,,,,,,,,,,,,,,,,,
Christian Science Reading Room,,san_mateo,,bookstores,,,,,,,,37.615681,-122.3843053,1340856372,way,,,,,,,,religion,,Christian Science Reading Room,,,,,Q5110122,,,,,,,,,,,,,,,,,,,,,,,,,,,,,,,,,room,,,,1,,,,,,,,,,8:00-20:00,,,,,,,,,,,,,,,,,,,,,,,,,books,,,,,,,,,,,,,,,,,,,,,,,,,,,,,
Christian Books,,san_mateo,,bookstores,,,,,,,,37.4787863,-122.2253947,1684183287,node,,,,,,,,,,,,,,,,,,,,,,,,,,,,,,,,,,,,,,,,,,,,,,,,,,,,,,,,,,,,,,,,,,,,,,,,,,,,,,,,,,15776,,,,,books,,,,"City of Redwood City, CA 1013",,,,,,,,,,,,,,,,Redwood City,,,,1712,,94063,,El Camino Real,
Coastside Books,,san_mateo,,bookstores,,,,,,,,37.4640363,-122.4293495,2156311691,node,,,,,,,,,,,,,,,,,,,,,,,,,,,,,,,,,,,,,,,,,,,,,,,,,,,,,,,,,,,,,,,,,,,,,,,,,,,,,,,,,,,,,,,books,,,,,,,,,,,,,,,,,,,,,,,,,,,,,
B Street Books,,san_mateo,,bookstores,,,,+1 650-343-2800,bstreetbooks@gmail.com,,https://www.bstreetbooks.com/,37.5654971,-122.3221734,2453946392,node,,,,,,,,,,,,,,,,,,,,,,,,,,,,,,,,,,,,,,,,,,,,,,,,,,,,,,,,,,,,,,Mo-Th 11:00-18:00; Fr-Sa 11:00-20:00; Su 11:00-18:00,,,,,,,,,,,,,,,,,,,,,,,,,books,,,,,,,,,,,,,,,,,,,,San Mateo,,,,301,,94401,CA,South B. Street,
Kepler's Books,,san_mateo,,bookstores,,,,+1-650-324-4321,,,https://www.keplers.com/,37.453572,-122.1822194,2629297044,node,,,,,,,,,,,,,,,,,,,,,,,,,,,https://www.facebook.com/keplersbooks,https://www.instagram.com/keplersbooks/,,,,https://twitter.com/keplers,,,,,,,,,,,,,,,,,,,,,,,,,,,,,,Mo-Sa 09:00-22:00; Su 09:00-19:00,,,,,,,,,,,,,,,,,,,,,,,,,books,,,,,,,,,,,,,,,,,,,,Menlo Park,,,,1010,,94025,,El Camino Real,
Los Olivos,,san_mateo,,bookstores,,,,+1-650-839-1550,,,,37.472106,-122.2042335,2648526018,node,,,,,,,,,,,,,,,,,,,,,,,,,,,,,,,,,,,,,,,,,,,,,,,,,,,,,,,,,,,,,,,,,,,,,,,,,,,,,,,,,,,,,,,books,,,,photograph,,,,,,,,,,,,,,,,,,,,3203,,,,,
Coastside Comics,,san_mateo,,bookstores,,,,,,,,37.6489279,-122.4900665,3381660957,node,,,,,,,,,,,,,,,,,,,,,,,,,,,,,,,,,,,,,,,,,,,,,,,,,,,,,,,,,(Suite D),,,,,,,,,,,,,,,,,,,,,,,,,,,,,,books,,,,,,,,,,,,,,,,,,,,Pacifica,,,,116,,94044,CA,Manor Drive,
Pauline Books & Media,,san_mateo,,bookstores,,,,,,,,37.4874773,-122.2353977,5404849133,node,,,,,,,,,,,,,,,,,,,,,,,,,,,,,,,,,,,,,,,,,,,,,,,,,,,,,,,,,,,,,,,,,,,,,,,,,,,,,,,,,,,,,,,books,,,,,,,,,,,,,,,,,,,,,,,,,,,,,
Florey's Book Co.,,san_mateo,,bookstores,,,,+1-650-355-8811,,,,37.6329012,-122.492502,5603935260,node,,,,,,,,,,,,,,,,,,,,,,,,,,,,,,,,,,,,,,,,,,,,,,,,,,,,,,,,,,,,,,,,,,,,,,,,,,,,,,,,,,,,,,,books,,,,,,,,,,,,,,,,,,,,Pacifica,,,,2120,,94044,CA,Palmetto Avenue,
The Reading Bug,,san_mateo,,bookstores,,,,,,,,37.5041915,-122.2582126,6819020622,node,,,,,,,,,,,,,,,,,,,,yes,1,unisex_toilet,,,,,,,,,,,,,,,,,,,,,,,,,,,,,,,,,,,,,,,,,,,,,,,,,,,,,,,,,,,,,,,,,books,,,,,,,,,,,,,,,,,,,,San Carlos,,,,785,,94070,CA,Laurel Street,
Feldman's Books,,san_mateo,,bookstores,,,,+1-650-326-5300,,,https://www.feldmansbooks.net/home,37.451967,-122.1837798,9482266632,node,,,,,,,,,,,,,,,,,,,,,,,,,,,,,,,,,,,,,,,,,,,,,,,,,,,,,,,,,,,,,,Sa-Th 12:00-17:00; Fr 12:00-20:00,,,,,,,,,,,,,,,,,,,,,,,,yes,books,,,,,,,,,,,,,,,,,,,,Menlo Park,,,,1075,,,,Curtis Street,
Christian Science Reading Room,,san_mateo,,bookstores,,,,,,,,37.4518068,-122.1850617,10233639349,node,,,,,,,,religion,,Christian Science Reading Room,,,,,Q5110122,,,,,,,,,,,,,,,,,,,,,,,,,,,,,,,,,,,,,,,,,,,,,,,,,,,,,,,,,,,,,,,,,,,,,,,,books,,,,,,,,,,,,,,,,,,,,,,,,1127,,,,Chestnut Street,
Barnes & Noble,,san_mateo,,bookstores,,,,,,,https://stores.barnesandnoble.com/store/3450,37.578784,-122.3470232,11813205864,node,,,,,,,,,,Barnes & Noble,,,,,Q795454,,,,,,,,,,,,,,,,,,,,,,,,,,,,,,,,,,,,,,,,,,,,,,,,,,,,,,,,,,,,,,,,,,,,,,,,books,,,,,,,,,,,,,,,,,,,,Burlingame,,,,1232,,,,Burlingame Avenue,
,,san_mateo,,bookstores,,,,,,,,37.4474163,-122.2657266,11880554549,node,,,,,,,,textbook,,,,,,,,,,,,,,,,,,,,,,,,,,,,,,,,,,,,,,,,,,,,,,,,,,,,,,,,,,,,,,,,,,,,,,,,,,,,,,,books,,,,,,,,,,,,,,,,,,,,,,,,,,,,,
Fireside Books & More,,san_mateo,,bookstores,,,,,,,https://firesiderwc.com,37.4861993,-122.2317409,12585415311,node,,,,,,,,,,,,,,,,,,,,,,,2025-02-13,,,,,,,,,,,,,,,,,,,,,,,,,,,,,0,,,,,,,,,,Tu-Sa 10:00-20:00; Su 10:00-18:00,,,,,,,,,,,,,,,,,,,,,,,,,books,,,,,,,,,,,,,,,,,,,,,,,,2421,,,,Broadway,
Peninsula Books,,san_mateo,,bookstores,,,,+1-650-232-7700,,,https://www.peninsulabooks.org/,37.69991,-122.4824741,12753578008,node,,,,,,,,,,,,,,,,,,,,,,,,,,,,,,,,,,,,,,,,,,,,,,,,,,,,,,,,,,,,,,,,,,,,,,,,,,,,,,,,,,,,,,,books,,,,,,,,,,,,,,,,,,,,Daly City,,,,441,,94015,CA,Westlake Center,
,,san_mateo,,bookstores,,,,,,,https://www.millbraelibraryfriends.org,37.6024188,-122.3969083,13273168124,node,,,,,,,,,,,,,,,,,,,,,,,,,,,,,,,,,,,,,,,,,,,,,,,,,,,,,,,,,,,,,,Mo-Th 10:00-20:00; Fr-Su 10:00-17:00,,,Friends of the Millbrae Library,,,,,,no,yes,yes,,,,,,,,,,,,,only,books,,,,,,,,,,,,,,,,,,,,,,,,,,,,,
Bell's Books,,santa_clara,,bookstores,,,,+1-650-323-7822,,,https://www.bellsbooks.com/,37.4441952,-122.1621785,78759069,way,,,,,,,,,,,,,,,,retail,,,,,,,2025-10-02,,,,,,,,,,,,,,,,,,,,,,,,,,,,,,,,,,,,,,,Sa-Th 11:00-17:00; Fr 11:00-20:00,,,,,,,,,,,,,,,,,,,,,,,,,books,,,,,,,,,,,,,,,,,,,,,,,,536,,,,Emerson Street,
Bronco Corner Bookstore,,santa_clara,,bookstores,,,,,,,https://www.scu.edu/auxiliary-services/bookstore/,37.3478601,-121.9390448,157781809,way,,,,Building 303,,,,,,,,,,,,yes,,,,,,,,,,,,,,,,,,,,,,,,,,,,,,,,,,,,,,,,,,,,,,,,,Santa Clara University,,Q992830,,,,,,,,,,,,,,,,303,,,,books,,,,,,,,,,,,,,,,,,,,Santa Clara,,,,500,,95053,CA,El Camino Real,303
Recycle Bookstore,,santa_clara,,bookstores,,,,+1-408-286-6275,,,https://www.recyclebookstore.com/,37.3312368,-121.911146,230610711,way,,,,,,,,,,,,,,,,yes,,,,,,,,,,,,,,,,,,,,,,,,,37.67,,,,,7.10,,,,,,,,,,,,,,,,Mo-Th 11:00-21:00; Fr-Sa 11:00-19:00; Su 12:00-19:00,,,,,,,,,,,,,,,,,,,,,,,,books,books,,,,,,,,,,,,,,,,,,,,,,,,1066,,95126,,The Alameda,
Stanford Bookstore,,santa_clara,,bookstores,,,,,,,https://www.bkstr.com/stanfordstore/home,37.425009,-122.168967,232805686,way,,,,,,,,,,,,,,,,yes,2,-1,,,,,,,,,,,,,,,,,,,,,,,,,,,,,,,,,,,,,,,,,,,,,,,,,,29408,,,,,,,,,,,,,,,,,,,books,,,,City of Palo Alto CA 0713,,,,,,,,,,,,,,,,Stanford,,,,519,,,,Lasuen Mall,
Gavilan College Bookstore,,santa_clara,,bookstores,,,,+1-408-848-4742,,,https://www.bkstr.com/gavilanstore/home,36.9727212,-121.569832,382382140,node,,,,,,,,,,,,,,,,,,,,,,,,,,,,,,,,,,,,,,,,,,,,,,,,,,,,,,,,,,,,,,,,,Follett College Stores Corporation,,,,,,,,,,,,,,,,,,,,,,books,,,,,,,,,,,,,,,,,,,,Gilroy,,,,5055,,95020,CA,Santa Teresa Boulevard,
Hicklebee's Books,,santa_clara,,bookstores,,,,,,,,37.3039201,-121.8974462,557585225,way,,,,,,,,,,,,,,,,yes,,,,,,,,,,,,,,,,,,,,,,,,,45.11,,,,,6.71,,,,,,,,,,,,,,,,,,,,,,,,,,,,,,,,,,,,,,,,,books,,,,,,,,,,,,,,,,,,,,San Jose,,,,1378,,95125,,Lincoln Avenue,
Barnes & Noble,,santa_clara,,bookstores,,,,,,,,37.002015,-121.5531737,752002463,way,,,,,,,,,Gilroy,Barnes & Noble,,,,,Q795454,,,,,,,,,,,,,,,,,,,,,,,,,,,,,,,,,,,,,,,,,,,,,,,,,,,,,,,,,,,,,,,,,,,,,,,,books,,,,,,,,,,,,,,,,,,,,Gilroy,,,,6825,,95020,CA,Camino Arroyo,
Friends' Book Sale,,santa_clara,,bookstores,,,,,,,,37.3497472,-121.886956,761591426,way,,,,,,,,,,,,,,,,,,,,,,,,,,,,,,,,,,,,,,,,,,,,,,,,room,,,,0,,,,,,,,,,,,,,,,,,,,,,,,,,,,,,,,,,,books,,,,,,,,,,,,,,,,,,,,,,,,,,,,,
Mission College Bookstore,,santa_clara,,bookstores,,,,,,,,37.3922619,-121.98146,933941585,node,,,,,,,,,,,,,,,,,,,,,,,,,,,,,,,,,,,,,,,,,,,,,,,,,,,,,,,,,,,,,,,,,,,,,,,,,,,,,,,,,,,,,,,books,,,,,,,,,,,,,,,,,,,,,,,,,,,,,
Books Kinokuniya,,santa_clara,,bookstores,,,,+1 408 2521300,san_jose@kinokuniya.com,,https://usa.kinokuniya.com/stores-kinokuniya-san-jose,37.3146853,-121.9777058,1099955956,way,,,,,,,,,,Books Kinokuniya,KinokuniyaUSA,kinokuniyausa,KinokuniyaUSA,https://www.youtube.com/channel/UCWzDankObAC1UcrZVyQm0Dw,Q703227,,,,,,,,,,,,,,,,,,,,,,,,,,,,,,,,,,,,,,,,,,,,,,,Mo-Su 11:00-19:00,,https://usa.kinokuniya.com/stores-kinokuniya-san-jose,,,,,,,,,,,,,,,,,,,,,,,books,,,,,,,,,,,,,,,yes,,,,,San Jose,,,,675,,95129,CA,Saratoga Avenue,677
Barnes & Noble,,santa_clara,,bookstores,,,,,,,https://store-locator.barnesandnoble.com/store/2909,37.253332,-121.877057,1108467972,node,,,,,,,,,,Barnes & Noble,,,,,Q795454,,,,,,,,,,,,,,,,,,,,,,,,,,,,,,,,,,,,,,,,,,,,,,,,,,,,,,,,,,,,,,,,,,,,,,,,books,,,,,,,,,,,,,,,,,,,,San Jose,,,,5353,,95118,CA,Almaden Expressway,B100
Recycle Bookstore,,santa_clara,,bookstores,,,,+1 408-370-3514,,,,37.287179,-121.9446852,1145574484,node,,,,,,,,,,,,,,,,,,,,,,,,,,,,,,,,,,,,,,,,,,,,,,,,,,,,,,,,,,,,,,Mo-Su 11:00-21:00,,,,,,,,,,,,,,,,,,,,,,,,yes,books,,,,,,,,,,,,,,,,,,,,Campbell,,,,275,,,,East Campbell Avenue,
Hudson Booksellers,,santa_clara,,bookstores,,,,,,,,37.3657467,-121.9256626,1207364929,way,,,,,,,,,,Hudson Booksellers,,,,,Q111534550,,,,,,,,,,,,,,,,,,,,,,,,,,,,,,,,,room,,,,1,,Hudson Booksellers,,,,,,,,Mo-Su 05:00-20:30,,,,,,,,,,,,,,,,,,,,,,,,,books,,,,,,,,,,,,,,,,,,,,,,,,,,,,,
Friends of the Library Bookstore,,santa_clara,,bookstores,,,,,,,,37.3352944,-121.8846461,1291976250,way,,,,,,,,,,,,,,,,,,,,,,,,,,,,,,,,,,,,,,,,,,,,,,,,room,,,,0,,,,,,,,,,,,,,,,,,,,,,,,,,,,,,,,shop,,,books,,,,,,,,,,,,,,,,,,,,,,,,,,,,,
East West,,santa_clara,,bookstores,,,,,,,,37.3922318,-122.080127,1578531240,node,,,,,,,,,,,,,,,,,,,,,,,2024-03-02,,,,,,,,,,,,,,,,,,,,,,,,,,,,,,,,,,,,,,,,,,,,,,,,,,,,,,,,,,,,,,,,books,,,,,,,,,,,,,,,yes,,,,,,,,,324,,,,Castro Street,
Christian Science Reading Room,,santa_clara,,bookstores,,,,,,,,37.4256122,-122.145204,1723464800,node,,,,,,,,religion,,Christian Science Reading Room,,,,,Q5110122,,,,,,,,2025-11-14,,,,,,,,,,,,,,,,,,,,,,,,,,,,,,,,,,,,,,,Mo-Sa 12:00-16:00; Su 09:00-13:00,,,,,,,,,,,,,,,,,,,,,,,,,books,,,,,,,,,,,,,,,,,,,,Palo Alto,,,,459,,94306,,South California Avenue,
Barnes & Noble,,santa_clara,,bookstores,,,,,,,,37.3228756,-121.9635071,2081397541,node,,,,,,,,,,Barnes & Noble,,,,,Q795454,,,,,,,,,,,,,,,,,,,,,,,,,,,,,,,,,,,,,,,,,,,,,,,Mo-Su 09:00-22:00,,,,,,,,,,,,,,,,,,,,,,,,,books,,,,,,,,,,,,,,,,,,,,San Jose,,,,3600,,95117,,Stevens Creek Boulevard,
,,santa_clara,,bookstores,,,,,,,,37.3227307,-121.9316685,2104880290,node,,,,,,,,,,,,,,,,,,,,,,,,,,,,,,,,,,,,,,,,,,,,,,,,,,,,,,,,,,,,,,,,,,,,,,,,,,,,,,,,,,,,,,,books,,,,,,,,,,,,,,,,,,,,,,,,328,,,,South Bascom Avenue,
Books Inc,,santa_clara,,bookstores,,,,,,,,37.4379618,-122.1595374,2124086086,node,,,,,,,,,,,,,,,,,,,,,,,2023-12-30,,,,,,,,,,,,,,,,,,,,,,,,,,,,,,,,,,,,,,,,,,,,,,,,,,,,,,,,,,,,,,,,books,,,,,,,,,,,,,,,,,,,,,,,,,,,,,
"Books, Inc.",,santa_clara,,bookstores,,,,,,,,37.392168,-122.0797833,2159964973,node,,,,,,,,,,,,,,,,,,,,,,,2022-07-17,,,,,,,,,,,,,,,,,,,,,,,,,,,,,,,,,,,,,,,Mo-Sa 10:00-22:00; Su 10:00-20:00,,,,,,,,,,,,,,,,,,,,,,,,,books,,,,,,,,,,,,,,,yes,,,,,Mountain View,,,,317,,,CA,Castro Street,
Bookasaurus,,santa_clara,,bookstores,,,,,,,,37.3772252,-122.0301847,2235551625,node,,,,,,,,,,,,,,,,,,,,,,,,,,,,,,,,,,,,,,,,,,,,,,,,,,,,,,,,,,,,,,"Mo-Th 10:00-18:00; Su 11:00-19:00; Fr,Sa 10:00-20:00",,,,,,,,,,,,,,,,,,,,,,,,,books,,,,,,,,,,,,,,,,,,,,Sunnyvale,,,,125,,94086,CA,South Murphy Avenue,
Leigh's Favorite Books,,santa_clara,,bookstores,,,,,,,https://www.leighsbooks.com,37.3772831,-122.0301928,2235551631,node,,,,,,,,,,,,,,,,,,,,,,,,,,,,,,,,,,,,,,,,,,,,,,,,,,,,,,,,,,,,,,Mo-Th 10:00-18:00; Fr-Sa 10:00-19:00; Su 11:00-19:00,,,,,,,,,,,,,,,,,,,,,,,,,books,,,,,,,,,,,,,,,,,,,,Sunnyvale,,,,121,,94086,CA,South Murphy Avenue,
De Anza College Bookstore,,santa_clara,,bookstores,,,,,,,,37.3215463,-122.044699,2379779763,node,,,,,,,,,,,,,,,,,,,,,,,,,,,,,,,,,,,,,,,,,,,,,,,,,,,,,,,,,,,,,,,,,De Anza College,,Q928272,,,,,,,,,,,,,,,,,,,,books,,,,,,,,,,,,,,,,,,,,,,,,,,,,,
DigitalGuru Technical Bookshop,,santa_clara,,bookstores,,,,+1-800-800-1914,,,https://www.digitalguru.com/,37.3847781,-121.99529,2607395538,node,,,,,,,,,,,,,,,,,,,,,,,,,,,,,,,,,,,,,,,,,,,,,,,,,,,,,,,,,,,,,,,,,,,,,,,,,,,,,,,,,,,,,,,books,,,,,,,,,,,,,,,,,,,,,,,,546,,,,Lawrence Expressway,3
Linden Tree Books,,santa_clara,,bookstores,,,,+1-650-949-3390,,,https://www.lindentreebooks.com/,37.3792395,-122.1169758,2619982669,node,,,,,,,,,,,,,,,,,,,,,,,,,,,,,,,,,,,,,,,,,,,,,,,,,,,,,,,,,,,,,,,,,,,,,,,,,,,,,,,,,,,,,,,books,,,,,,,,,,,,,,,,,,,,,,,,265,,,,,
Seoul Books & Leeoh Gallery,,santa_clara,,bookstores,,,,,,,,37.3516683,-122.0024264,2658424325,node,,,,,,,,,,,,,,,,,,,,,,,,,,,,,,,,,,,,,,,,,,,,,,,,,,,,,,,,,,,,,,,,,,,,,,,,,,,,,,,,,,,,,,,books,,,,photograph,,,,,,,,,,,,,,,,,,,,1082,,,,East El Camino Real,5
BookSmart,,santa_clara,,bookstores,,,,,,,,37.1109256,-121.6430893,4170062869,node,,,,,,,,,,,,,,,,,,,,,,,,,,,,,,,,,,,,,,,,,,,,,,,,,,,,,,,,,,,,,,,,,,,,,,,,,,,,,,,,,,,,,,,books,,,,,,,,,,,,,,,yes,,,,,,,,,,,,,,
Anime 101,,santa_clara,,bookstores,,,,,,,,37.1122273,-121.6429331,4170062880,node,,,,,,,,,,,,,,,,,,,,,,,,,,,,,,,,,,,,,,,,,,,,,,,,,,,,,,,,,,,,,,,,,,,,,,,,,,,,,,,,,,,,,,,books,,,,,,,,,,,,,,,,,,,,,,,,,,,,,
Heroes & Champions,,santa_clara,,bookstores,,,,+1 408 732 8775,heroesandchampions@gmail.com,,,37.3623077,-122.0272015,4370577546,node,,,,,,,,comic,,,,,,,,,,,,,,,,,,,https://www.facebook.com/HeroesaChampions/,,,,,,,,,,,,,,,,,,,,,,,,,,,,,,,,,,Comic Collector Shop,"Mo-Sa 10:00-18:00, Su 11:00-18:00",Mo-Sa 10:00-17:00; Su 11:00-18:00,,,,,,,,,yes,,yes,,yes,,,,,,,,,,yes,books,,,,,,,,,,,,,,,,,,,,Sunnyvale,,,,574,,94087,CA,East El Camino Real,
Authors,,santa_clara,,bookstores,,,,,,,,37.3698193,-121.9299166,4469475905,node,permit,,,,,,,,,,,,,,,,,,,,,,,,,,,,,,,,,,,,,,,,,,,,,,,,,,,,,,,,,,,Authors Book Store,,,,,,,,,,,,,,,,,,,,,boarding_pass,,,,,,books,,,,,,,,,,,,,,,,,,,,,,,,,,,,,
Hijinx Comics,,santa_clara,,bookstores,,,,,,,,37.2937545,-121.8898723,5035690123,node,,,,,,,,,,,,,,,,,,,,,,,,,,,,,,,,,,,,,,,,,,,,,,,,,,,,,,,,,,,,,,,,,,,,,,,,,,,,,,,,,,,,,,,books,,,no,,,,,,,,,,,,,,,,,San Jose,,,,2050,,95125,,Lincoln Avenue,
The Art Boutiki,,santa_clara,,bookstores,,,,,,,,37.3305005,-121.9116855,5695536548,node,,,,,,,,comic,,,,,,,,,,,,,,,,,,,,,,,,,,,,,,,,,,,,,,,,,,,,,,,,,,,,,,,,,,,,,,,,,,,,,,,,,,,,,,,books,,,,,,,,,,,,,,,,,,,,,,,,,,,,,
Stanford Medical Store,,santa_clara,,bookstores,,,,,,,,37.4315034,-122.1757712,6312235088,node,,,,,,,,,,,,,,,,,,,,,,,,,,,,,,,,,,,,,,,,,,,,,,,,,,,,,,,,,,,,,,Mo-Fr 09:00-15:00,,,,,,,,,,,,,,,,,,,,,,,,,books,,,,,,,,,,,,,,,,,,,,,,,,,,,,,
SJSU Book Store,,santa_clara,,bookstores,,,,,,,,37.336577,-121.880292,6399829611,node,,,,,,,,,,,,,,,,,,,,,,,,,,,,,,,,,,,,,,,,,,,,,,,,,,,,,,,,,,,,,,,,,,,,,,,,,,,,,,,,,,,,,yes,,books,,,,,,,,,,,,,,,,,,,,,,,,,,,,,
Christian Science Reading Room,,santa_clara,,bookstores,,,,,,,,37.3607886,-122.0765975,8197273300,node,,,,,,,,religion,,Christian Science Reading Room,,,,,Q5110122,,,,,,,,,,,,,,,,,,,,,,,,,,,,,,,,,,,,,,,,,,,,,,,,,,First Church of Christ Scientist,,,,,,,,,,,,,,,,,,,,,,books,,,,,,,,,,,,,,,,,,,,Mountain View,,,,221,,94040,CA,Bryant Avenue,
Black Cat Comics,,santa_clara,,bookstores,,,,,,,,37.4280614,-121.906013,8203974838,node,,,,,,,,comic,,,,,,,,,,,,,,,,,,,,,,,,,,,,,,,,,,,,,,,,,,,,,,,,,,,,,,,,,,,,,,,,,,,,,,,,,,,,,,,books,,,,,,,,,,,,,,,,,,,,Milpitas,,,,176,,95035,CA,South Main Street,
Lobby Shop,,santa_clara,,bookstores,,,,,,,https://www.mvlibraryfriends.org/sales/lobby-shop.htm,37.3903223,-122.0836197,8701153698,node,,,,Friends of the Mountain View Library,,,,,,,,,,,,,,,,,,,,,,,,,,,,,,,,,,,,,,,,,,,,,,,,,,,,,,,,,,Mo-Su 10:00-21:00,,,Friends of the Mountain View Library,private_non_profit,,,,,,,,,,,,,,,,,,,,,books,,,,,,,,,,,,,,,,,,,,Mountain View,,,,585,,94043,CA,Franklin Street,
,,santa_clara,,bookstores,,,,,,,,37.3621092,-122.1271819,8733504488,node,,,,,,,,,,,,,,,,,,,,,,,,,,,,,,,,,,,,,,,,,,,,,,,,,,,,,,,,,,,,,,,,,,,,,,,,,,,,,,,,,,,,,,,books,,,,,,,,,,,,,,,,,,,,,,,,,,,,,
Santa Clara Valley Al-Anon Intergroup Office and Bookstore,,santa_clara,,bookstores,,,,,,,https://www.scv-afg.org/,37.2877671,-121.9520453,8748792882,node,,,,,,,,,,,,,,,,,,,,,,,,,,,,,,,,,,,,,,,,,,,,,,,,,,,,,,,,,,,association,,,,,,,,,,,,,,,,,,,,,,,,Q-82,,,,books,SCVAFG,,,,,,,,,,,,,,,,,,,Campbell,,,,1,,95008,CA,West Campbell Avenue,Q-82
世界生活館,,santa_clara,,bookstores,,,,,,,,37.3139604,-122.032703,8813107043,node,,,,,,,,,,,,,,,,,,,,,,,,,,,https://www.facebook.com/amzworld.us/,,,,,,,,signmaker,,,,,,,https://www.facebook.com/amzworld.us/,,,,,,,,,yes,,,Amazing Books & Gifts,,世界生活館,Signs are exclusively in Chinese,,travel_agent;visa;notary;graphic_design,,,"Tu 12:00-17:00, We 12:00-18:00, Sa 12:00-17:00",,,,,,,,,,,,,,,,,,,,,,,,,books,世界,世界,,,,,團購•百貨;旅遊•簽證;設計•印刷,,,,,,,,,,,,,Cupertino,,,,10601,,95014-4451,CA,South De Anza Boulevard,209
The Comic Shop,,santa_clara,,bookstores,,,,,,,,37.3372415,-121.887849,9984274163,node,,,,,,,,comic,,,,,,,,,,,,,,,,,,,,,,,,,,,,,,,,,,,,,,,,,,,,0,,,,,,,,,,,,,,,,,,,,,,,,,,,,,,,,,,,books,,,,,,,,,,,,,,,,,,,,San Jose,,,,124,,95112,CA,East Santa Clara Street,B
Books Inc.,,santa_clara,,bookstores,,,,+1-408-378-2726,,,https://www.booksinc.net/Campbell,37.2888678,-121.9336238,10313812406,node,,,,,,,,,,,,,,,,,,,,,,,,,,,,,,,,,,,,,,,,,,,,,,,,,,,,,,,,,,,,,,Mo-Th 11:00-21:00; Fr 11:00-22:00; Sa 10:00-22:00; Su 10:00-20:00,,,,,,,,,,,,yes,,,yes,,,,,,,,,,books,,,,,,,,,,,,,,,,,,,,Campbell,,,,1875,,95008,CA,South Bascom Avenue,600
Books,,santa_clara,,bookstores,,,,,,,,37.4233706,-121.9173388,10647852791,node,,,,,,,,,,,,,,,,,,,,,,,,,,,,,,,,,,,,,,,,,,,,chinese name needs to be entered,,,,,,,,0,,,,,,,,,,,,,,,,,,,,,,,,,,,,,,,,,,,books,,,,,,,,,,,,,,,yes,,,,,Milpitas,,,,306,,95035,CA,Barber Court,
Book Buyers,,santa_clara,,bookstores,,,,,,,,37.0088947,-121.5698833,10774041009,node,,,,,,,,,,,,,,,,,,,,,,,,,,,,,,,,,,,,,,,,,,,,,,,,,,,,,,,,,This business is closed.,,,,,,,,"Ananda BookBuyers, Incorporated",,,,,,,,,,,,,,,,,,,,,,books,,,,,,,,,,,,,,,,,,,,Gilroy,,,,7541,,95020,CA,Monterey Street,
Legends Comics & Games,,santa_clara,,bookstores,,,,+1 408-253-2643,,,,37.3255072,-121.8136409,12125664204,node,,,,,,,,comic,,,,,,,,,,,,,,,,,,,,,,,,,,,,,,,,,,,,,,,,,,,,0,,,,,,,,,,,,,,,,,,,,,,,,,,,,,,,,,,,books,,,,,,,,,,,,,,,,,,,,,,,,,,,,,
Comics Conspiracy,,santa_clara,,bookstores,,,,+1 408-245-6275,ComicsConspiracy@comicsconspiracy.biz,,https://comicsconspiracy.biz,37.371386,-122.0443694,13086123270,node,,,,,,,,comic,,,,,,,,,,,,,,,,,,,https://www.facebook.com/comicsconspiracy/,,,,,,,,,yes,,,,,,,,,yes,,,,,,,0,,,,,,,,,,Su-Tu 11:00-18:00; We-Th 11:00-20:00; Fr-Sa 11:00-19:00; Dec 25 off; Jan 1 off,,,,,,,,,,,,,,,,,,,,,,,,,books,,,,,,yes,,,,,,yes,,,,,,,,Sunnyvale,,,,913,,94087,CA,West El Camino Real,
Book-Go-Round,,santa_clara,,bookstores,,,,,,,https://www.bookgoround.com/,37.2578752,-122.0312874,13108000978,node,,,,,,,,,,,,,,,,,,,,,,,,,,,,,,,,,,,,,,,,,,,,,,,,,,,,,,,,,,,,,,,,,,,,,,,,,,,,,,,,,,,,,,,books,,,,,,,,,,,,,,,,,,,,Saratoga,,,,14410,,,CA,Oak Street,
